rank	chromosome	start	end	pvalue	Number of nearby TSS	closest tx id	closest tx name	closest tx biotype	distance to tss
#1	7	1608000	1609000	0.000305566714883	0	-	-	-	-
#2	11	78873000	78874000	0.000305566714883	8	ensssct00000080900	gas6-206	protein_coding	6749
#3	9	6950000	6951000	0.000305566714883	0	-	-	-	-
#4	AEMK02000452.1	883000	884000	0.000305566714883	0	-	-	-	-
#5	3	70488000	70489000	0.000305566714883	1	ensssct00000089055	-	pseudogene	-2101
#6	2	150879000	150880000	0.000305566714883	0	-	-	-	-
#7	7	120967000	120968000	0.000305566714883	1	ensssct00000071170	-	protein_coding	-4326
#8	9	1183000	1184000	0.000305566714883	0	-	-	-	-
#9	3	17830000	17831000	0.000305566714883	0	-	-	-	-
#10	3	18978000	18979000	0.0003930935455247	1	ensssct00000008561	-	protein_coding	4553
#11	1	265147000	265148000	0.0003930935455247	0	-	-	-	-
#12	11	74113000	74114000	0.0003930935455247	0	-	-	-	-
#13	12	1585000	1586000	0.0003930935455247	1	ensssct00000023391	aatk-201	protein_coding	7020
#14	2	4715000	4716000	0.0003930935455247	5	ensssct00000051185	kmt5b-203	protein_coding	1183
#15	5	583000	584000	0.0003930935455247	0	-	-	-	-
#16	7	24579000	24580000	0.0003930935455247	0	-	-	-	-
#17	7	5215000	5216000	0.0003930935455247	0	-	-	-	-
#18	6	170197000	170198000	0.0003942015588646	2	ensssct00000061035	slfnl1-202	protein_coding	-2292
#19	AEMK02000452.1	1617000	1618000	0.0003942015588646	0	-	-	-	-
#20	2	71470000	71471000	0.0004151285418671	4	ensssct00000078445	-	protein_coding	616
#21	X	25805000	25806000	0.0004151285418671	0	-	-	-	-
#22	10	68048000	68049000	0.0004177241522779	0	-	-	-	-
#23	9	56855000	56856000	0.0004177241522779	0	-	-	-	-
#24	12	53156000	53157000	0.0004177241522779	2	ensssct00000031722	-	scarna	0
#25	2	1532000	1533000	0.0004177241522779	0	-	-	-	-
#26	10	16084000	16085000	0.0004177241522779	0	-	-	-	-
#27	2	611000	612000	0.0004177241522779	1	ensssct00000086522	ap2a2-207	protein_coding	-9827
#28	5	9205000	9206000	0.0004177241522779	1	ensssct00000000098	nptxr-201	protein_coding	1281
#29	2	7754000	7755000	0.0004177241522779	0	-	-	-	-
#30	15	138613000	138614000	0.0004177241522779	2	ensssct00000063263	hdac4-203	protein_coding	301
#31	5	65001000	65002000	0.0004177241522779	0	-	-	-	-
#32	8	136074000	136075000	0.0004177241522779	1	ensssct00000058446	rasgef1b-201	protein_coding	-2646
#33	14	128788000	128789000	0.0004177241522779	0	-	-	-	-
#34	AEMK02000452.1	1054000	1055000	0.0004177241522779	0	-	-	-	-
#35	7	532000	533000	0.0004177241522779	1	ensssct00000086136	-	lncrna	-8767
#36	14	140596000	140597000	0.0004396748358101	3	ensssct00000076298	lrrc27-201	protein_coding	2384
#37	9	67066000	67067000	0.0005479024877018	0	-	-	-	-
#38	18	43600000	43601000	0.0005479024877018	0	-	-	-	-
#39	AEMK02000452.1	387000	388000	0.0005479024877018	0	-	-	-	-
#40	6	93569000	93570000	0.0006656729260969	0	-	-	-	-
#41	14	23453000	23454000	0.0006825558043756	3	ensssct00000010681	ulk1-201	protein_coding	-4862
#42	6	12157000	12158000	0.0006825558043756	2	ensssct00000003003	-	protein_coding	8241
#43	16	76210000	76211000	0.0007034797372961	0	-	-	-	-
#44	11	1175000	1176000	0.0007034797372961	0	-	-	-	-
#45	6	15812000	15813000	0.0007034797372961	0	-	-	-	-
#46	6	1244000	1245000	0.0007698947083284	2	ensssct00000078237	-	lncrna	6032
#47	3	40295000	40296000	0.0007698947083284	2	ensssct00000086563	cramp1-201	protein_coding	3404
#48	2	149702000	149703000	0.0007698947083284	0	-	-	-	-
#49	AEMK02000452.1	3268000	3269000	0.0008293696943734	0	-	-	-	-
#50	15	118595000	118596000	0.0008293696943734	1	ensssct00000017613	marchf4-201	protein_coding	-7451
#51	AEMK02000485.1	61000	62000	0.0008293696943734	0	-	-	-	-
#52	11	78205000	78206000	0.0008293696943734	0	-	-	-	-
#53	2	150188000	150189000	0.0008293696943734	0	-	-	-	-
#54	11	78110000	78111000	0.0008504982754761	0	-	-	-	-
#55	6	51537000	51538000	0.0008741083080544	0	-	-	-	-
#56	6	15860000	15861000	0.0008741083080544	0	-	-	-	-
#57	10	67053000	67054000	0.000877622150776	0	-	-	-	-
#58	10	27079000	27080000	0.000877622150776	3	ensssct00000020773	ssc-mir-24-2.1-201	mirna	0
#59	6	168683000	168684000	0.000882390463077	0	-	-	-	-
#60	11	3100000	3101000	0.000882390463077	0	-	-	-	-
#61	8	104235000	104236000	0.0008849641561499	0	-	-	-	-
#62	13	22063000	22064000	0.0008888186642261	0	-	-	-	-
#63	7	116078000	116079000	0.0008888186642261	0	-	-	-	-
#64	1	72330000	72331000	0.0008934135182947	1	ensssct00000053050	prdm1-204	protein_coding	-6277
#65	13	75018000	75019000	0.0008966767587457	0	-	-	-	-
#66	16	55460000	55461000	0.0008966767587457	0	-	-	-	-
#67	18	39625000	39626000	0.0009020942757831	0	-	-	-	-
#68	5	737000	738000	0.0010000741764208	1	ensssct00000063987	zbed4-201	protein_coding	2329
#69	2	9771000	9772000	0.0010071826973235	1	ensssct00000062643	-	protein_coding	0
#70	11	8862000	8863000	0.0010071826973235	0	-	-	-	-
#71	9	6797000	6798000	0.0010071826973235	3	ensssct00000016162	inppl1-201	protein_coding	-3931
#72	4	129359000	129360000	0.0010387317996013	0	-	-	-	-
#73	5	13007000	13008000	0.0010473784718335	0	-	-	-	-
#74	6	103703000	103704000	0.0010970882140515	0	-	-	-	-
#75	17	57888000	57889000	0.0011605297152924	1	ensssct00000008219	ctcfl-201	protein_coding	2883
#76	4	78922000	78923000	0.0011605297152924	0	-	-	-	-
#77	14	113663000	113664000	0.0011605297152924	0	-	-	-	-
#78	15	130814000	130815000	0.0011605297152924	0	-	-	-	-
#79	6	142524000	142525000	0.0011605297152924	6	ensssct00000085885	-	pseudogene	-2410
#80	8	2630000	2631000	0.0011605297152924	0	-	-	-	-
#81	18	710000	711000	0.0011605297152924	0	-	-	-	-
#82	14	29198000	29199000	0.0011605297152924	0	-	-	-	-
#83	11	48626000	48627000	0.0011836416111108	1	ensssct00000078423	-	lncrna	-4121
#84	15	138506000	138507000	0.0012184254780603	0	-	-	-	-
#85	6	64649000	64650000	0.0012184254780603	1	ensssct00000078739	-	lncrna	-3579
#86	5	9899000	9900000	0.0012272467424169	6	ensssct00000060716	sox10-204	protein_coding	-7310
#87	12	1039000	1040000	0.0012272467424169	2	ensssct00000063602	notum-201	protein_coding	-2909
#88	3	40982000	40983000	0.0012272467424169	3	ensssct00000080833	-	lncrna	0
#89	3	122228000	122229000	0.0012368722055413	0	-	-	-	-
#90	6	76643000	76644000	0.0012368722055413	2	ensssct00000067896	-	protein_coding	833
#91	14	6222000	6223000	0.0013272172062342	0	-	-	-	-
#92	X	124691000	124692000	0.0013272172062342	3	ensssct00000013985	-	pseudogene	2152
#93	6	51656000	51657000	0.0013778187646839	4	ensssct00000062449	exoc3l2-201	protein_coding	4687
#94	11	78227000	78228000	0.0013778187646839	1	ensssct00000010472	tubgcp3-201	protein_coding	4252
#95	15	138607000	138608000	0.0013924138409264	1	ensssct00000063263	hdac4-203	protein_coding	6301
#96	12	7167000	7168000	0.0014144550858986	1	ensssct00000069634	-	lncrna	-2250
#97	X	16327000	16328000	0.0014144550858986	0	-	-	-	-
#98	5	4190000	4191000	0.0014144550858986	1	ensssct00000025794	ssc-mir-1249-1.1-201	mirna	-2088
#99	9	135266000	135267000	0.0014144550858986	0	-	-	-	-
#100	1	261857000	261858000	0.0014245464680247	0	-	-	-	-
#101	4	1398000	1399000	0.0014361000695709	2	ensssct00000089530	-	lncrna	5071
#102	18	50322000	50323000	0.0014361000695709	0	-	-	-	-
#103	15	140015000	140016000	0.0014648090022519	7	ensssct00000049491	-	lncrna	4705
#104	11	77576000	77577000	0.0014648090022519	0	-	-	-	-
#105	15	136186000	136187000	0.0014648090022519	0	-	-	-	-
#106	2	150582000	150583000	0.0014734920293473	3	ensssct00000020108	ssc-mir-145.1-201	mirna	-1874
#107	X	20111000	20112000	0.0014734920293473	0	-	-	-	-
#108	2	49699000	49700000	0.0014734920293473	0	-	-	-	-
#109	8	6423000	6424000	0.0014734920293473	0	-	-	-	-
#110	11	77534000	77535000	0.0014896319244145	0	-	-	-	-
#111	X	15453000	15454000	0.0014896319244145	7	ensssct00000068039	adgrg2-201	protein_coding	9615
#112	11	1155000	1156000	0.0015022771703797	0	-	-	-	-
#113	3	11843000	11844000	0.0015022771703797	0	-	-	-	-
#114	12	5402000	5403000	0.001524345938902	2	ensssct00000071661	evpl-202	protein_coding	6577
#115	2	59365000	59366000	0.001524345938902	3	ensssct00000051346	isyna1-203	protein_coding	-1065
#116	6	77214000	77215000	0.001524345938902	0	-	-	-	-
#117	10	16884000	16885000	0.001524345938902	0	-	-	-	-
#118	1	272047000	272048000	0.001524345938902	0	-	-	-	-
#119	15	139574000	139575000	0.001524345938902	3	ensssct00000075162	gpr35-201	protein_coding	-2914
#120	8	137420000	137421000	0.001524345938902	0	-	-	-	-
#121	5	33441000	33442000	0.001524345938902	0	-	-	-	-
#122	15	133690000	133691000	0.001524345938902	2	ensssct00000085637	sag-201	protein_coding	886
#123	6	69995000	69996000	0.0016054668343114	0	-	-	-	-
#124	16	60368000	60369000	0.0016054668343114	2	ensssct00000079317	-	lncrna	1712
#125	8	1347000	1348000	0.0016054668343114	2	ensssct00000009507	rnf4-201	protein_coding	5236
#126	3	28400000	28401000	0.0016054668343114	0	-	-	-	-
#127	6	53251000	53252000	0.0016054668343114	1	ensssct00000044166	kptn-201	protein_coding	-1837
#128	7	57849000	57850000	0.0016564493814241	0	-	-	-	-
#129	12	190000	191000	0.0016564493814241	3	ensssct00000081165	-	lncrna	0
#130	16	78625000	78626000	0.0017961838750299	0	-	-	-	-
#131	17	11456000	11457000	0.0017961838750299	0	-	-	-	-
#132	12	42467000	42468000	0.0018041885515662	0	-	-	-	-
#133	16	78251000	78252000	0.0018041885515662	0	-	-	-	-
#134	AEMK02000639.1	23000	24000	0.0018041885515662	0	-	-	-	-
#135	3	109058000	109059000	0.0018241544208491	0	-	-	-	-
#136	11	77532000	77533000	0.0018241544208491	0	-	-	-	-
#137	1	118944000	118945000	0.0018241544208491	0	-	-	-	-
#138	6	1527000	1528000	0.0018241544208491	0	-	-	-	-
#139	15	63363000	63364000	0.0018241544208491	3	ensssct00000040801	-	lncrna	4797
#140	1	251231000	251232000	0.0018241544208491	0	-	-	-	-
#141	7	28817000	28818000	0.0018241544208491	7	ensssct00000044218	dst-205	protein_coding	-4549
#142	6	53440000	53441000	0.0018241544208491	2	ensssct00000025029	nop53-201	protein_coding	2480
#143	13	206587000	206588000	0.0018412833584955	0	-	-	-	-
#144	3	41355000	41356000	0.0018412833584955	0	-	-	-	-
#145	7	4915000	4916000	0.0018412833584955	2	ensssct00000001119	snrnp48-201	protein_coding	3351
#146	14	140783000	140784000	0.0018412833584955	1	ensssct00000011777	inpp5a-202	protein_coding	-3904
#147	6	1970000	1971000	0.0018412833584955	0	-	-	-	-
#148	3	129789000	129790000	0.0018412833584955	0	-	-	-	-
#149	15	2706000	2707000	0.0018412833584955	8	ensssct00000085898	-	lncrna	212
#150	5	49213000	49214000	0.0018412833584955	0	-	-	-	-
#151	12	47456000	47457000	0.0018412833584955	0	-	-	-	-
#152	17	62096000	62097000	0.0018412833584955	0	-	-	-	-
#153	12	23556000	23557000	0.0018412833584955	1	ensssct00000087689	-	protein_coding	1636
#154	12	15045000	15046000	0.0018412833584955	4	ensssct00000088045	-	lncrna	6739
#155	10	9628000	9629000	0.0018412833584955	1	ensssct00000084252	eprs1-201	protein_coding	8308
#156	2	14438000	14439000	0.0018412833584955	2	ensssct00000089801	-	protein_coding	6165
#157	9	55857000	55858000	0.0018412833584955	0	-	-	-	-
#158	9	138253000	138254000	0.0018412833584955	0	-	-	-	-
#159	18	758000	759000	0.0018412833584955	0	-	-	-	-
#160	2	137089000	137090000	0.001852940553014	2	ensssct00000072851	-	protein_coding	-6633
#161	10	18505000	18506000	0.0018644289262301	0	-	-	-	-
#162	4	520000	521000	0.0018644289262301	0	-	-	-	-
#163	5	9900000	9901000	0.0018714035385054	4	ensssct00000060716	sox10-204	protein_coding	-8310
#164	6	787000	788000	0.0018714035385054	1	ensssct00000002938	cbfa2t3-201	protein_coding	-8033
#165	5	3666000	3667000	0.0019350678457694	0	-	-	-	-
#166	5	42727000	42728000	0.0019350678457694	0	-	-	-	-
#167	3	344000	345000	0.001956794598935	0	-	-	-	-
#168	14	129349000	129350000	0.001956794598935	0	-	-	-	-
#169	6	67143000	67144000	0.001956794598935	2	ensssct00000003741	gpr153-201	protein_coding	5674
#170	7	2641000	2642000	0.0019588874273831	1	ensssct00000089674	-	lncrna	780
#171	11	1107000	1108000	0.0019588874273831	0	-	-	-	-
#172	5	9060000	9061000	0.0019588874273831	1	ensssct00000088196	-	lncrna	9437
#173	3	40711000	40712000	0.0019588874273831	0	-	-	-	-
#174	10	60797000	60798000	0.0019588874273831	0	-	-	-	-
#175	13	21974000	21975000	0.0019588874273831	0	-	-	-	-
#176	4	15517000	15518000	0.0019588874273831	0	-	-	-	-
#177	12	56591000	56592000	0.0019588874273831	0	-	-	-	-
#178	5	15585000	15586000	0.0019588874273831	0	-	-	-	-
#179	5	68932000	68933000	0.0019588874273831	0	-	-	-	-
#180	8	130632000	130633000	0.0019588874273831	0	-	-	-	-
#181	2	77475000	77476000	0.0019588874273831	5	ensssct00000053486	r3hdm4-201	protein_coding	1881
#182	18	42380000	42381000	0.0019588874273831	0	-	-	-	-
#183	1	146409000	146410000	0.0019588874273831	0	-	-	-	-
#184	1	218378000	218379000	0.0019588874273831	0	-	-	-	-
#185	2	1355000	1356000	0.0019588874273831	3	ensssct00000075881	-	protein_coding	-7780
#186	15	79712000	79713000	0.0019588874273831	1	ensssct00000071483	-	lncrna	-8354
#187	2	9746000	9747000	0.0019588874273831	2	ensssct00000030503	fen1-201	protein_coding	6893
#188	7	936000	937000	0.0019615658140498	0	-	-	-	-
#189	4	2997000	2998000	0.0019615658140498	0	-	-	-	-
#190	12	51975000	51976000	0.0019615658140498	7	ensssct00000019488	gp1ba-201	protein_coding	1757
#191	3	57491000	57492000	0.0019615658140498	0	-	-	-	-
#192	AEMK02000682.1	1346000	1347000	0.0019615658140498	6	ensssct00000086370	card9-205	protein_coding	-1824
#193	13	57246000	57247000	0.0019615658140498	0	-	-	-	-
#194	AEMK02000452.1	3143000	3144000	0.0019932898594655	4	ensssct00000064850	pld4-204	protein_coding	-5909
#195	11	70948000	70949000	0.0020345915913059	6	ensssct00000091213	tpp2-206	protein_coding	-4785
#196	AEMK02000569.1	145000	146000	0.0020345915913059	0	-	-	-	-
#197	6	41644000	41645000	0.0020345915913059	1	ensssct00000068132	-	lncrna	-6874
#198	AEMK02000452.1	1659000	1660000	0.0020345915913059	0	-	-	-	-
#199	4	76177000	76178000	0.0020833926216834	0	-	-	-	-
#200	6	31169000	31170000	0.0020833926216834	0	-	-	-	-
#201	16	78783000	78784000	0.0020833926216834	0	-	-	-	-
#202	1	502000	503000	0.0020833926216834	0	-	-	-	-
#203	5	43890000	43891000	0.0020833926216834	0	-	-	-	-
#204	1	266945000	266946000	0.0020833926216834	0	-	-	-	-
#205	9	126213000	126214000	0.0020833926216834	1	ensssct00000054096	u6.634-201	snrna	-3741
#206	15	133443000	133444000	0.0020833926216834	0	-	-	-	-
#207	8	79915000	79916000	0.0020833926216834	0	-	-	-	-
#208	1	274043000	274044000	0.0020833926216834	0	-	-	-	-
#209	6	94767000	94768000	0.0020833926216834	0	-	-	-	-
#210	5	88439000	88440000	0.0020833926216834	0	-	-	-	-
#211	11	24802000	24803000	0.0020833926216834	0	-	-	-	-
#212	17	40525000	40526000	0.0020833926216834	1	ensssct00000070711	-	lncrna	0
#213	6	169520000	169521000	0.0020927423500197	0	-	-	-	-
#214	9	3133000	3134000	0.0020927423500197	2	ensssct00000026121	tpp1-201	protein_coding	1642
#215	3	39903000	39904000	0.0020927423500197	0	-	-	-	-
#216	6	7624000	7625000	0.0020927423500197	0	-	-	-	-
#217	7	120266000	120267000	0.0020927423500197	1	ensssct00000077751	-	protein_coding	368
#218	3	39075000	39076000	0.0021084659111621	1	ensssct00000061477	-	protein_coding	-2383
#219	1	2045000	2046000	0.0021084659111621	0	-	-	-	-
#220	14	138733000	138734000	0.0021281348133606	0	-	-	-	-
#221	14	54546000	54547000	0.0021308373044591	1	ensssct00000087772	-	lncrna	-4467
#222	3	38718000	38719000	0.0021354508233042	0	-	-	-	-
#223	12	20206000	20207000	0.0021354508233042	1	ensssct00000050295	ssc-mir-9788-1.1-201	mirna	8570
#224	13	79145000	79146000	0.0021603510374822	2	ensssct00000026073	mras-202	protein_coding	-4972
#225	15	109021000	109022000	0.0021603510374822	0	-	-	-	-
#226	7	111593000	111594000	0.0021865813812813	0	-	-	-	-
#227	11	77521000	77522000	0.0021865813812813	0	-	-	-	-
#228	6	46981000	46982000	0.0021875588941061	0	-	-	-	-
#229	3	126432000	126433000	0.0022018002789909	3	ensssct00000063352	klf11-202	protein_coding	-2096
#230	17	62498000	62499000	0.0022120345638936	4	ensssct00000050709	kcnq2-201	protein_coding	7425
#231	2	17844000	17845000	0.0022753172753172	0	-	-	-	-
#232	4	2247000	2248000	0.0022753172753172	1	ensssct00000086995	-	lncrna	3171
#233	10	11632000	11633000	0.0022753172753172	1	ensssct00000037344	disp1-204	protein_coding	6005
#234	6	1051000	1052000	0.0022753172753172	0	-	-	-	-
#235	16	79797000	79798000	0.0022753172753172	0	-	-	-	-
#236	X	121533000	121534000	0.0022753172753172	0	-	-	-	-
#237	6	19847000	19848000	0.0022753172753172	4	ensssct00000003108	znf319-202	protein_coding	1412
#238	3	8391000	8392000	0.0022753172753172	2	ensssct00000073813	tsc22d4-202	protein_coding	2240
#239	1	253705000	253706000	0.0022753172753172	1	ensssct00000091285	-	protein_coding	-9599
#240	1	1626000	1627000	0.0022753172753172	0	-	-	-	-
#241	18	50397000	50398000	0.0022951497044282	0	-	-	-	-
#242	12	59221000	59222000	0.0022969177463911	0	-	-	-	-
#243	6	170238000	170239000	0.0023046596473815	3	ensssct00000053260	ctps1-203	protein_coding	-4946
#244	17	58011000	58012000	0.0023046596473815	0	-	-	-	-
#245	16	74254000	74255000	0.0023084280616561	0	-	-	-	-
#246	X	37179000	37180000	0.0023084280616561	1	ensssct00000022117	-	snorna	-6690
#247	12	52790000	52791000	0.0023170466142078	0	-	-	-	-
#248	9	55914000	55915000	0.0023170466142078	0	-	-	-	-
#249	1	7599000	7600000	0.0023170466142078	8	ensssct00000020200	-	snorna	0
#250	1	273036000	273037000	0.0023170466142078	2	ensssct00000062101	cacfd1-201	protein_coding	-1597
#251	3	132111000	132112000	0.0023170466142078	0	-	-	-	-
#252	5	79404000	79405000	0.0023170466142078	0	-	-	-	-
#253	1	866000	867000	0.0023170466142078	2	ensssct00000082164	thbs2-206	protein_coding	-8437
#254	AEMK02000452.1	170000	171000	0.0023170466142078	1	ensssct00000081997	-	lncrna	-5497
#255	14	89125000	89126000	0.0023170466142078	0	-	-	-	-
#256	14	96782000	96783000	0.0023170466142078	0	-	-	-	-
#257	9	87945000	87946000	0.0023170466142078	0	-	-	-	-
#258	17	32057000	32058000	0.0023170466142078	0	-	-	-	-
#259	11	76290000	76291000	0.0023170466142078	1	ensssct00000079114	-	lncrna	-5733
#260	18	3296000	3297000	0.0023170466142078	0	-	-	-	-
#261	6	52354000	52355000	0.0023170466142078	1	ensssct00000081886	hif3a-202	protein_coding	-4970
#262	4	45055000	45056000	0.0023170466142078	0	-	-	-	-
#263	6	14907000	14908000	0.0023170466142078	0	-	-	-	-
#264	3	113710000	113711000	0.0023170466142078	0	-	-	-	-
#265	6	100430000	100431000	0.0023170466142078	0	-	-	-	-
#266	5	101052000	101053000	0.0023170466142078	0	-	-	-	-
#267	9	10448000	10449000	0.0023192870931244	2	ensssct00000079977	-	lncrna	3845
#268	12	20255000	20256000	0.0023192870931244	7	ensssct00000018937	mlx-201	protein_coding	1482
#269	8	38499000	38500000	0.0023192870931244	0	-	-	-	-
#270	18	3259000	3260000	0.0023192870931244	0	-	-	-	-
#271	11	1074000	1075000	0.0023192870931244	0	-	-	-	-
#272	6	167929000	167930000	0.0023192870931244	0	-	-	-	-
#273	7	27234000	27235000	0.0023192870931244	0	-	-	-	-
#274	8	2038000	2039000	0.0023192870931244	0	-	-	-	-
#275	2	134207000	134208000	0.0023192870931244	1	ensssct00000015593	meikin-201	protein_coding	0
#276	10	66233000	66234000	0.0023192870931244	1	ensssct00000071439	-	lncrna	-6645
#277	4	7075000	7076000	0.0023192870931244	0	-	-	-	-
#278	16	51567000	51568000	0.0023705970410037	0	-	-	-	-
#279	13	206989000	206990000	0.0023705970410037	0	-	-	-	-
#280	18	51218000	51219000	0.0023740877176092	2	ensssct00000086512	-	protein_coding	1943
#281	7	1764000	1765000	0.0023740877176092	1	ensssct00000061595	serpinb6-202	protein_coding	0
#282	6	35906000	35907000	0.0023740877176092	0	-	-	-	-
#283	13	140447000	140448000	0.0024204221420475	0	-	-	-	-
#284	6	4979000	4980000	0.0024251986989351	0	-	-	-	-
#285	12	2464000	2465000	0.0024300861384132	0	-	-	-	-
#286	X	88188000	88189000	0.0024300861384132	1	ensssct00000082835	tsc22d3-205	protein_coding	-8407
#287	4	127158000	127159000	0.0024490581617819	2	ensssct00000079534	u2.104-201	snrna	6047
#288	18	19977000	19978000	0.0024589632391639	3	ensssct00000086480	impdh1-201	protein_coding	1955
#289	16	77092000	77093000	0.0024589632391639	0	-	-	-	-
#290	7	190000	191000	0.0024589632391639	0	-	-	-	-
#291	2	150047000	150048000	0.0024589632391639	0	-	-	-	-
#292	6	110471000	110472000	0.0024589632391639	0	-	-	-	-
#293	AEMK02000297.1	120000	121000	0.0024589632391639	0	-	-	-	-
#294	17	62071000	62072000	0.0024589632391639	2	ensssct00000040031	col9a3-201	protein_coding	3125
#295	AEMK02000452.1	3456000	3457000	0.0024589632391639	4	ensssct00000039197	mta1-203	protein_coding	4109
#296	7	1220000	1221000	0.0024727262147692	0	-	-	-	-
#297	3	11524000	11525000	0.0025048142161302	0	-	-	-	-
#298	9	730000	731000	0.0025238813474107	1	ensssct00000015917	trim66-201	protein_coding	7551
#299	8	19982000	19983000	0.0025238813474107	0	-	-	-	-
#300	11	77176000	77177000	0.0025238813474107	0	-	-	-	-
#301	12	23233000	23234000	0.002529172467534	0	-	-	-	-
#302	7	97579000	97580000	0.002529172467534	2	ensssct00000037529	abcd4-201	protein_coding	5655
#303	3	41489000	41490000	0.002529172467534	6	ensssct00000076575	hbm-202	protein_coding	93
#304	1	110756000	110757000	0.002529172467534	0	-	-	-	-
#305	6	3996000	3997000	0.0025305929715527	0	-	-	-	-
#306	15	25133000	25134000	0.0025524291648363	0	-	-	-	-
#307	X	124677000	124678000	0.0025524291648363	9	ensssct00000088428	-	lncrna	-1807
#308	2	73472000	73473000	0.0025581994261501	0	-	-	-	-
#309	6	70628000	70629000	0.0025627515226754	0	-	-	-	-
#310	12	14519000	14520000	0.0025650315867707	0	-	-	-	-
#311	13	65997000	65998000	0.0025650315867707	0	-	-	-	-
#312	11	3320000	3321000	0.0025650315867707	0	-	-	-	-
#313	5	19106000	19107000	0.0025650315867707	2	ensssct00000072499	-	lncrna	-1280
#314	12	26340000	26341000	0.0025650315867707	2	ensssct00000068462	-	lncrna	-1317
#315	11	68338000	68339000	0.0025650315867707	3	ensssct00000055464	-	protein_coding	3794
#316	12	60548000	60549000	0.0025650315867707	1	ensssct00000037679	-	protein_coding	9371
#317	15	46037000	46038000	0.0025650315867707	0	-	-	-	-
#318	7	32822000	32823000	0.0025650315867707	2	ensssct00000001755	tmem217-201	protein_coding	2846
#319	2	65080000	65081000	0.0025650315867707	3	ensssct00000064451	prkaca-202	protein_coding	-1210
#320	14	51643000	51644000	0.0025650315867707	0	-	-	-	-
#321	AEMK02000452.1	3425000	3426000	0.0025794751274122	0	-	-	-	-
#322	9	110043000	110044000	0.0026527281429242	0	-	-	-	-
#323	8	67671000	67672000	0.0026527281429242	0	-	-	-	-
#324	1	269828000	269829000	0.0026527281429242	4	ensssct00000080882	asb6-201	protein_coding	5264
#325	15	67943000	67944000	0.0026527281429242	1	ensssct00000077775	-	lncrna	8210
#326	6	6627000	6628000	0.0026527281429242	0	-	-	-	-
#327	6	76159000	76160000	0.0026527281429242	1	ensssct00000050296	arhgef10l-206	protein_coding	-3486
#328	10	24316000	24317000	0.0026527281429242	3	ensssct00000038003	arl8a-201	protein_coding	7229
#329	4	64921000	64922000	0.0026527281429242	0	-	-	-	-
#330	8	57793000	57794000	0.0026527281429242	1	ensssct00000089118	-	lncrna	1951
#331	8	1031000	1032000	0.0026527281429242	3	ensssct00000068853	nelfa-203	protein_coding	7002
#332	5	49060000	49061000	0.0026527281429242	0	-	-	-	-
#333	16	78794000	78795000	0.0026527281429242	0	-	-	-	-
#334	18	4750000	4751000	0.0026902218016677	5	ensssct00000049532	-	protein_coding	-1778
#335	5	17686000	17687000	0.0026902218016677	7	ensssct00000075705	krt85-201	protein_coding	0
#336	X	96533000	96534000	0.0026902218016677	0	-	-	-	-
#337	1	137957000	137958000	0.0026902218016677	0	-	-	-	-
#338	AEMK02000452.1	2437000	2438000	0.0027076106194322	0	-	-	-	-
#339	6	48565000	48566000	0.0027076106194322	0	-	-	-	-
#340	5	2673000	2674000	0.0027105209157584	0	-	-	-	-
#341	15	25371000	25372000	0.0027369012555593	0	-	-	-	-
#342	1	266979000	266980000	0.0027507504194265	0	-	-	-	-
#343	14	140474000	140475000	0.0027606141610363	0	-	-	-	-
#344	13	82019000	82020000	0.0027672556480544	1	ensssct00000049574	pxylp1-203	protein_coding	8535
#345	10	24632000	24633000	0.0027759234703941	0	-	-	-	-
#346	9	7024000	7025000	0.0028055849823758	1	ensssct00000074305	-	lncrna	1157
#347	14	49156000	49157000	0.0028055849823758	1	ensssct00000011009	rab36-201	protein_coding	-5402
#348	13	205423000	205424000	0.0028055849823758	2	ensssct00000023123	umodl1-201	protein_coding	1295
#349	AEMK02000452.1	3412000	3413000	0.0028142857401904	0	-	-	-	-
#350	3	45859000	45860000	0.0028142857401904	1	ensssct00000076639	-	protein_coding	5112
#351	9	4207000	4208000	0.0028393665158371	1	ensssct00000034639	trim6-201	protein_coding	-2336
#352	1	216120000	216121000	0.0028393665158371	3	ensssct00000005737	kiaa2026-202	protein_coding	-4180
#353	X	19867000	19868000	0.0028393665158371	6	ensssct00000082055	acot9-202	protein_coding	-2270
#354	10	59379000	59380000	0.0028393665158371	0	-	-	-	-
#355	9	64434000	64435000	0.0028393665158371	0	-	-	-	-
#356	8	138590000	138591000	0.0028393665158371	1	ensssct00000074183	-	lncrna	-5637
#357	7	59675000	59676000	0.0028393665158371	0	-	-	-	-
#358	10	17014000	17015000	0.0028393665158371	0	-	-	-	-
#359	7	54824000	54825000	0.0028393665158371	0	-	-	-	-
#360	10	712000	713000	0.0028393665158371	0	-	-	-	-
#361	7	75118000	75119000	0.0028393665158371	1	ensssct00000069453	ipo4-205	protein_coding	-7660
#362	1	207210000	207211000	0.0028393665158371	0	-	-	-	-
#363	AEMK02000452.1	2461000	2462000	0.0028393665158371	0	-	-	-	-
#364	1	97970000	97971000	0.0028393665158371	0	-	-	-	-
#365	18	4920000	4921000	0.0028393665158371	0	-	-	-	-
#366	8	2191000	2192000	0.0028393665158371	2	ensssct00000082743	-	lncrna	-1488
#367	10	548000	549000	0.0028393665158371	0	-	-	-	-
#368	X	9119000	9120000	0.0028393665158371	1	ensssct00000070207	-	pseudogene	-5335
#369	8	132400000	132401000	0.0028393665158371	0	-	-	-	-
#370	8	81540000	81541000	0.0028393665158371	0	-	-	-	-
#371	6	159403000	159404000	0.0028393665158371	1	ensssct00000060072	zyg11a-201	protein_coding	-6048
#372	6	1880000	1881000	0.0028393665158371	0	-	-	-	-
#373	5	19950000	19951000	0.0028393665158371	1	ensssct00000078101	-	pseudogene	-3077
#374	5	10324000	10325000	0.0028393665158371	4	ensssct00000091201	mfng-204	protein_coding	-3945
#375	3	112158000	112159000	0.0028393665158371	1	ensssct00000047448	-	protein_coding	-1648
#376	13	121805000	121806000	0.0028393665158371	4	ensssct00000086037	-	protein_coding	7293
#377	16	58040000	58041000	0.0028393665158371	0	-	-	-	-
#378	2	150109000	150110000	0.0028393665158371	0	-	-	-	-
#379	16	79570000	79571000	0.0028393665158371	0	-	-	-	-
#380	14	12216000	12217000	0.0028393665158371	0	-	-	-	-
#381	2	111860000	111861000	0.0028393665158371	0	-	-	-	-
#382	5	26897000	26898000	0.0028393665158371	1	ensssct00000086922	-	protein_coding	8365
#383	3	57712000	57713000	0.0028393665158371	0	-	-	-	-
#384	14	30060000	30061000	0.0028393665158371	5	ensssct00000067824	ccdc62-202	protein_coding	0
#385	17	28045000	28046000	0.0028393665158371	0	-	-	-	-
#386	2	105075000	105076000	0.0028393665158371	1	ensssct00000071567	-	pseudogene	-7689
#387	1	267418000	267419000	0.0028393665158371	0	-	-	-	-
#388	17	61315000	61316000	0.0028393665158371	0	-	-	-	-
#389	14	37205000	37206000	0.0028393665158371	0	-	-	-	-
#390	18	1183000	1184000	0.0028393665158371	0	-	-	-	-
#391	1	237526000	237527000	0.0028393665158371	0	-	-	-	-
#392	14	112704000	112705000	0.0028393665158371	0	-	-	-	-
#393	5	101752000	101753000	0.0028393665158371	0	-	-	-	-
#394	15	30973000	30974000	0.0028393665158371	0	-	-	-	-
#395	18	1996000	1997000	0.0028393665158371	1	ensssct00000076281	-	lncrna	1307
#396	16	3895000	3896000	0.0028393665158371	0	-	-	-	-
#397	3	1347000	1348000	0.0028393665158371	0	-	-	-	-
#398	12	1211000	1212000	0.0028393665158371	5	ensssct00000056347	hgs-202	protein_coding	6684
#399	1	237665000	237666000	0.0028393665158371	0	-	-	-	-
#400	2	141584000	141585000	0.0028393665158371	2	ensssct00000050292	psd2-201	protein_coding	3399
#401	14	132071000	132072000	0.0028428962554939	0	-	-	-	-
#402	18	12568000	12569000	0.0028482673513099	1	ensssct00000027010	ssc-mir-490-1.1-201	mirna	0
#403	13	22119000	22120000	0.0028482673513099	4	ensssct00000064128	-	protein_coding	-4097
#404	13	204864000	204865000	0.0028482673513099	0	-	-	-	-
#405	13	141152000	141153000	0.0028482673513099	1	ensssct00000050164	igsf11-202	protein_coding	-4264
#406	14	138314000	138315000	0.0028482673513099	0	-	-	-	-
#407	13	132172000	132173000	0.0029015013698068	0	-	-	-	-
#408	15	139319000	139320000	0.0029411346217746	2	ensssct00000084804	-	lncrna	7912
#409	10	63454000	63455000	0.0029411346217746	0	-	-	-	-
#410	14	140675000	140676000	0.0029411346217746	1	ensssct00000071854	-	lncrna	0
#411	2	4709000	4710000	0.0029411346217746	5	ensssct00000068061	kmt5b-201	protein_coding	769
#412	2	3470000	3471000	0.0029464540255907	0	-	-	-	-
#413	1	181493000	181494000	0.0029464540255907	1	ensssct00000040747	-	protein_coding	-7411
#414	3	126463000	126464000	0.0029464540255907	0	-	-	-	-
#415	15	111346000	111347000	0.0029464540255907	0	-	-	-	-
#416	16	38671000	38672000	0.0029464540255907	0	-	-	-	-
#417	2	44402000	44403000	0.0029464540255907	1	ensssct00000081327	-	lncrna	7575
#418	14	74918000	74919000	0.0029922845328969	0	-	-	-	-
#419	18	55409000	55410000	0.0030272815735056	0	-	-	-	-
#420	3	41423000	41424000	0.0030272815735056	0	-	-	-	-
#421	9	1179000	1180000	0.0030795882737709	0	-	-	-	-
#422	7	11756000	11757000	0.0030795882737709	2	ensssct00000068693	-	lncrna	6735
#423	X	121484000	121485000	0.0031769135841534	0	-	-	-	-
#424	15	133081000	133082000	0.0031769135841534	0	-	-	-	-
#425	X	125048000	125049000	0.0031769135841534	4	ensssct00000048167	ikbkg-205	protein_coding	-6818
#426	14	32439000	32440000	0.0031769135841534	0	-	-	-	-
#427	8	17813000	17814000	0.0031769135841534	0	-	-	-	-
#428	8	118623000	118624000	0.0031769135841534	0	-	-	-	-
#429	7	42167000	42168000	0.0031769135841534	0	-	-	-	-
#430	6	70865000	70866000	0.0031769135841534	0	-	-	-	-
#431	13	21280000	21281000	0.0031769135841534	0	-	-	-	-
#432	18	52451000	52452000	0.0031769135841534	0	-	-	-	-
#433	11	45013000	45014000	0.0031769135841534	4	ensssct00000047222	bora-201	protein_coding	4352
#434	6	54655000	54656000	0.0031769135841534	1	ensssct00000046403	prr12-201	protein_coding	-8426
#435	12	8303000	8304000	0.0031769135841534	0	-	-	-	-
#436	11	13145000	13146000	0.0031769135841534	0	-	-	-	-
#437	1	269431000	269432000	0.0031769135841534	0	-	-	-	-
#438	17	61783000	61784000	0.0031769135841534	1	ensssct00000008272	cables2-201	protein_coding	-4582
#439	2	9373000	9374000	0.0031769135841534	1	ensssct00000014283	pheroc-201	protein_coding	7800
#440	12	1229000	1230000	0.0031769135841534	8	ensssct00000065258	hgs-204	protein_coding	-847
#441	6	4398000	4399000	0.0031769135841534	1	ensssct00000070744	wfdc1-201	protein_coding	237
#442	5	73277000	73278000	0.0031769135841534	0	-	-	-	-
#443	5	1156000	1157000	0.0032005036139337	0	-	-	-	-
#444	5	80131000	80132000	0.0032053184390371	1	ensssct00000074787	-	lncrna	2070
#445	3	122050000	122051000	0.0032053184390371	0	-	-	-	-
#446	15	76817000	76818000	0.0032053184390371	0	-	-	-	-
#447	6	170779000	170780000	0.0032053184390371	0	-	-	-	-
#448	13	202683000	202684000	0.0032053184390371	0	-	-	-	-
#449	X	12192000	12193000	0.0032053184390371	0	-	-	-	-
#450	4	76399000	76400000	0.0032053184390371	0	-	-	-	-
#451	4	121168000	121169000	0.0032053184390371	0	-	-	-	-
#452	17	40883000	40884000	0.0032053184390371	0	-	-	-	-
#453	15	80805000	80806000	0.0032234211218288	1	ensssct00000082644	-	protein_coding	-8101
#454	13	113022000	113023000	0.0032234211218288	0	-	-	-	-
#455	18	2474000	2475000	0.0032234211218288	0	-	-	-	-
#456	12	12232000	12233000	0.0032234211218288	0	-	-	-	-
#457	6	69474000	69475000	0.0032234211218288	0	-	-	-	-
#458	1	3133000	3134000	0.0032848781094283	0	-	-	-	-
#459	16	71995000	71996000	0.0032848781094283	1	ensssct00000046829	gpx3-201	protein_coding	-5974
#460	12	26701000	26702000	0.0032848781094283	2	ensssct00000023663	lrrc59-202	protein_coding	-6729
#461	7	37370000	37371000	0.0032848781094283	0	-	-	-	-
#462	7	120500000	120501000	0.0033567593230312	0	-	-	-	-
#463	6	77852000	77853000	0.0033567593230312	1	ensssct00000003881	capzb-206	protein_coding	8806
#464	6	1012000	1013000	0.0034160814415591	3	ensssct00000052015	cyba-201	protein_coding	2154
#465	3	26718000	26719000	0.0034160814415591	1	ensssct00000067514	arl6ip1-201	protein_coding	3193
#466	6	355000	356000	0.0034160814415591	1	ensssct00000027461	chmp1a-201	protein_coding	-3078
#467	2	65039000	65040000	0.0034160814415591	0	-	-	-	-
#468	15	80197000	80198000	0.0034160814415591	0	-	-	-	-
#469	4	129287000	129288000	0.0034160814415591	0	-	-	-	-
#470	11	75968000	75969000	0.0034160814415591	0	-	-	-	-
#471	5	5874000	5875000	0.0034160814415591	0	-	-	-	-
#472	4	59404000	59405000	0.0034683358896765	0	-	-	-	-
#473	2	150862000	150863000	0.0034683358896765	0	-	-	-	-
#474	9	6878000	6879000	0.0034812426441151	0	-	-	-	-
#475	14	48805000	48806000	0.0034916987768885	1	ensssct00000034375	-	protein_coding	-4735
#476	18	723000	724000	0.0035024324965463	3	ensssct00000064679	ptprn2-203	protein_coding	-1814
#477	13	207041000	207042000	0.0035347286023949	7	ensssct00000067542	-	lncrna	0
#478	12	61177000	61178000	0.0035347286023949	5	ensssct00000053031	-	protein_coding	7855
#479	5	89859000	89860000	0.0035347286023949	1	ensssct00000079713	-	lncrna	9486
#480	3	39765000	39766000	0.0035347286023949	4	ensssct00000008819	e4f1-201	protein_coding	6191
#481	4	774000	775000	0.0035347286023949	3	ensssct00000075016	-	lncrna	-2828
#482	11	78221000	78222000	0.0035347286023949	0	-	-	-	-
#483	5	66663000	66664000	0.0035347286023949	0	-	-	-	-
#484	17	35486000	35487000	0.0035347286023949	1	ensssct00000068163	-	lncrna	7485
#485	7	42367000	42368000	0.0035347286023949	1	ensssct00000031703	adgrf4-201	protein_coding	5211
#486	16	32892000	32893000	0.0035347286023949	0	-	-	-	-
#487	11	18098000	18099000	0.0035347286023949	1	ensssct00000063027	arl11-201	protein_coding	1413
#488	5	27376000	27377000	0.0035347286023949	0	-	-	-	-
#489	4	93810000	93811000	0.0035821321535607	1	ensssct00000007110	paqr6-201	protein_coding	-6547
#490	14	79847000	79848000	0.0035821321535607	0	-	-	-	-
#491	12	54218000	54219000	0.0035982015136202	0	-	-	-	-
#492	6	9346000	9347000	0.0036096931316652	0	-	-	-	-
#493	7	111387000	111388000	0.0036096931316652	0	-	-	-	-
#494	2	4805000	4806000	0.003616306197921	2	ensssct00000073923	chka-205	protein_coding	548
#495	15	138411000	138412000	0.0036292664184178	0	-	-	-	-
#496	12	314000	315000	0.0036428852542565	0	-	-	-	-
#497	11	47881000	47882000	0.0036428852542565	0	-	-	-	-
#498	6	129957000	129958000	0.0036428852542565	0	-	-	-	-
#499	12	46803000	46804000	0.0036428852542565	4	ensssct00000036913	abr-204	protein_coding	8079
#500	14	34426000	34427000	0.0036489793162316	0	-	-	-	-
#501	7	28868000	28869000	0.0036489793162316	0	-	-	-	-
#502	3	49360000	49361000	0.0036858100275385	2	ensssct00000070734	-	lncrna	-1486
#503	1	374000	375000	0.003686717298237	1	ensssct00000074442	-	lncrna	494
#504	17	59613000	59614000	0.003699317300151	0	-	-	-	-
#505	1	92376000	92377000	0.003699317300151	0	-	-	-	-
#506	6	5311000	5312000	0.0037270653210912	0	-	-	-	-
#507	15	137744000	137745000	0.003731843569486	0	-	-	-	-
#508	10	15990000	15991000	0.0037574159585366	0	-	-	-	-
#509	X	86960000	86961000	0.0038573462599068	0	-	-	-	-
#510	7	2934000	2935000	0.0039000232738931	0	-	-	-	-
#511	2	49273000	49274000	0.0039011420196799	1	ensssct00000023100	-	protein_coding	-9218
#512	4	112478000	112479000	0.0039011420196799	0	-	-	-	-
#513	6	55194000	55195000	0.0039011420196799	0	-	-	-	-
#514	4	118447000	118448000	0.0039011420196799	0	-	-	-	-
#515	7	47681000	47682000	0.0039011420196799	2	ensssct00000001965	dnaja4-201	protein_coding	-5617
#516	4	128936000	128937000	0.0039011420196799	1	ensssct00000007590	-	protein_coding	6092
#517	16	36265000	36266000	0.0039011420196799	0	-	-	-	-
#518	3	94570000	94571000	0.0039011420196799	0	-	-	-	-
#519	8	130315000	130316000	0.0039011420196799	0	-	-	-	-
#520	11	71145000	71146000	0.0039011420196799	2	ensssct00000049542	-	protein_coding	-3189
#521	5	29827000	29828000	0.0039011420196799	0	-	-	-	-
#522	14	108283000	108284000	0.0039011420196799	0	-	-	-	-
#523	10	27035000	27036000	0.0039011420196799	0	-	-	-	-
#524	15	100854000	100855000	0.0039011420196799	0	-	-	-	-
#525	4	79487000	79488000	0.0039011420196799	0	-	-	-	-
#526	3	131995000	131996000	0.0039552017123061	1	ensssct00000089466	-	lncrna	-3538
#527	6	7236000	7237000	0.0039869273259392	0	-	-	-	-
#528	10	58238000	58239000	0.0039869273259392	0	-	-	-	-
#529	1	236086000	236087000	0.0039869273259392	1	ensssct00000068578	-	protein_coding	-8135
#530	1	217537000	217538000	0.0039869273259392	1	ensssct00000077887	-	lncrna	-6688
#531	7	1381000	1382000	0.0039869273259392	0	-	-	-	-
#532	1	166938000	166939000	0.0039869273259392	0	-	-	-	-
#533	3	17548000	17549000	0.0039869273259392	3	ensssct00000071431	bcl7c-202	protein_coding	-350
#534	3	17076000	17077000	0.0039869273259392	0	-	-	-	-
#535	9	26718000	26719000	0.0039869273259392	0	-	-	-	-
#536	6	58744000	58745000	0.0039869273259392	8	ensssct00000089565	-	protein_coding	3996
#537	6	59522000	59523000	0.0039869273259392	3	ensssct00000060563	kmt5c-202	protein_coding	-4902
#538	18	55461000	55462000	0.0039869273259392	0	-	-	-	-
#539	8	124070000	124071000	0.0039869273259392	0	-	-	-	-
#540	8	97330000	97331000	0.0039869273259392	0	-	-	-	-
#541	8	76668000	76669000	0.0039869273259392	0	-	-	-	-
#542	X	98604000	98605000	0.0039869273259392	0	-	-	-	-
#543	8	64929000	64930000	0.0039869273259392	0	-	-	-	-
#544	8	47724000	47725000	0.0039869273259392	1	ensssct00000085141	fnip2-205	protein_coding	-195
#545	3	15215000	15216000	0.0039869273259392	0	-	-	-	-
#546	1	206562000	206563000	0.0039869273259392	0	-	-	-	-
#547	6	2581000	2582000	0.0039869273259392	0	-	-	-	-
#548	15	71766000	71767000	0.0039869273259392	0	-	-	-	-
#549	5	102068000	102069000	0.0039869273259392	0	-	-	-	-
#550	15	133624000	133625000	0.0039869273259392	0	-	-	-	-
#551	2	137652000	137653000	0.0039869273259392	3	ensssct00000069137	-	lncrna	1204
#552	14	58078000	58079000	0.0039869273259392	0	-	-	-	-
#553	2	139348000	139349000	0.0039869273259392	0	-	-	-	-
#554	14	42116000	42117000	0.0039869273259392	0	-	-	-	-
#555	14	3452000	3453000	0.0039869273259392	0	-	-	-	-
#556	3	69599000	69600000	0.0039869273259392	0	-	-	-	-
#557	15	132929000	132930000	0.0039869273259392	4	ensssct00000037252	-	protein_coding	8243
#558	3	72178000	72179000	0.0039869273259392	0	-	-	-	-
#559	13	97441000	97442000	0.0039869273259392	0	-	-	-	-
#560	13	37805000	37806000	0.0039869273259392	1	ensssct00000085627	u2.80-201	snrna	-7755
#561	13	8140000	8141000	0.0039869273259392	0	-	-	-	-
#562	1	268254000	268255000	0.0039869273259392	0	-	-	-	-
#563	2	72904000	72905000	0.0039869273259392	1	ensssct00000014783	acsbg2-202	protein_coding	-83
#564	16	51910000	51911000	0.0039869273259392	2	ensssct00000032305	ubtd2-201	protein_coding	-2512
#565	12	54982000	54983000	0.0039869273259392	2	ensssct00000049480	gas7-201	protein_coding	-8485
#566	4	20807000	20808000	0.0039869273259392	0	-	-	-	-
#567	4	50993000	50994000	0.0039869273259392	0	-	-	-	-
#568	2	17282000	17283000	0.0039869273259392	0	-	-	-	-
#569	4	95096000	95097000	0.0039869273259392	0	-	-	-	-
#570	12	3618000	3619000	0.0039869273259392	2	ensssct00000076171	pgs1-202	protein_coding	0
#571	4	109639000	109640000	0.0039869273259392	1	ensssct00000007451	kcna10-201	protein_coding	6024
#572	11	78858000	78859000	0.0039869273259392	0	-	-	-	-
#573	8	18505000	18506000	0.0039869273259392	0	-	-	-	-
#574	11	12245000	12246000	0.0039869273259392	1	ensssct00000022898	-	protein_coding	10000
#575	1	269929000	269930000	0.0039869273259392	2	ensssct00000006255	ptges-201	protein_coding	-4538
#576	12	60983000	60984000	0.0039869273259392	0	-	-	-	-
#577	6	96429000	96430000	0.0039869273259392	1	ensssct00000038782	ldlrad4-201	protein_coding	-5862
#578	14	112610000	112611000	0.0039869273259392	3	ensssct00000086641	poll-201	protein_coding	5371
#579	6	136519000	136520000	0.0039869273259392	0	-	-	-	-
#580	7	111077000	111078000	0.0039869273259392	0	-	-	-	-
#581	1	95376000	95377000	0.0039869273259392	0	-	-	-	-
#582	1	104029000	104030000	0.0039869273259392	0	-	-	-	-
#583	6	115833000	115834000	0.0039869273259392	0	-	-	-	-
#584	1	53247000	53248000	0.0039869273259392	1	ensssct00000025979	mrap2-201	protein_coding	8006
#585	1	88468000	88469000	0.0039869273259392	0	-	-	-	-
#586	7	29727000	29728000	0.0039869273259392	6	ensssct00000041728	syngap1-202	protein_coding	-3226
#587	X	121030000	121031000	0.0039869273259392	0	-	-	-	-
#588	4	12327000	12328000	0.0040240772609651	0	-	-	-	-
#589	7	120884000	120885000	0.0040700549816476	0	-	-	-	-
#590	5	80114000	80115000	0.0040700549816476	0	-	-	-	-
#591	10	64323000	64324000	0.0040700549816476	0	-	-	-	-
#592	12	39959000	39960000	0.0040700549816476	1	ensssct00000060694	slfn14-201	protein_coding	-8495
#593	18	53810000	53811000	0.0040700549816476	0	-	-	-	-
#594	6	163652000	163653000	0.0040700549816476	0	-	-	-	-
#595	9	10540000	10541000	0.0041081541130642	0	-	-	-	-
#596	X	120843000	120844000	0.0041081541130642	0	-	-	-	-
#597	11	74446000	74447000	0.0041081541130642	2	ensssct00000037216	u6.430-201	snrna	3198
#598	5	12798000	12799000	0.0041081541130642	0	-	-	-	-
#599	13	132151000	132152000	0.0041081541130642	1	ensssct00000080726	-	pseudogene	4623
#600	12	22596000	22597000	0.0041702910377164	1	ensssct00000019049	mien1-201	protein_coding	-7882
#601	17	61476000	61477000	0.0041702910377164	0	-	-	-	-
#602	15	56615000	56616000	0.0041742862069012	0	-	-	-	-
#603	9	46148000	46149000	0.0041742862069012	1	ensssct00000062368	cxcr5-202	protein_coding	-4883
#604	6	48723000	48724000	0.0041742862069012	4	ensssct00000084134	blvrb-202	protein_coding	4390
#605	9	6864000	6865000	0.0041742862069012	0	-	-	-	-
#606	14	20011000	20012000	0.0041742862069012	5	ensssct00000037055	hpf1-202	protein_coding	1977
#607	14	955000	956000	0.0042418035880646	0	-	-	-	-
#608	12	42380000	42381000	0.0042418035880646	0	-	-	-	-
#609	17	31391000	31392000	0.0042418035880646	1	ensssct00000068981	-	lncrna	3205
#610	3	79608000	79609000	0.0042418035880646	1	ensssct00000080075	-	lncrna	-60
#611	16	36078000	36079000	0.0042901324047983	0	-	-	-	-
#612	5	11835000	11836000	0.0042901324047983	0	-	-	-	-
#613	7	55719000	55720000	0.0042901324047983	0	-	-	-	-
#614	14	102857000	102858000	0.0042901324047983	1	ensssct00000074353	-	pseudogene	1153
#615	6	83418000	83419000	0.0042901324047983	0	-	-	-	-
#616	3	121778000	121779000	0.0042901324047983	0	-	-	-	-
#617	1	6580000	6581000	0.0042901324047983	0	-	-	-	-
#618	4	18514000	18515000	0.0042901324047983	0	-	-	-	-
#619	12	4762000	4763000	0.0042901324047983	1	ensssct00000080383	-	lncrna	-950
#620	11	78958000	78959000	0.0043029725344602	2	ensssct00000089461	c13orf46-201	protein_coding	-8733
#621	17	30242000	30243000	0.0043029725344602	2	ensssct00000007788	cd93-201	protein_coding	-2308
#622	X	97227000	97228000	0.0043323638515679	0	-	-	-	-
#623	11	17468000	17469000	0.0043349048809854	1	ensssct00000067432	-	lncrna	4242
#624	2	77486000	77487000	0.0043586766690481	10	ensssct00000050362	r3hdm4-203	protein_coding	-2244
#625	X	97767000	97768000	0.0044000516016048	0	-	-	-	-
#626	17	8547000	8548000	0.0044208447990346	1	ensssct00000068372	-	lncrna	-1467
#627	3	23800000	23801000	0.0044208447990346	1	ensssct00000039124	cdr2-201	protein_coding	-3227
#628	17	26947000	26948000	0.0044208447990346	0	-	-	-	-
#629	11	75020000	75021000	0.0044208447990346	0	-	-	-	-
#630	6	164983000	164984000	0.0044208447990346	1	ensssct00000004315	dmbx1-201	protein_coding	-5502
#631	17	20984000	20985000	0.0044208447990346	0	-	-	-	-
#632	6	83365000	83366000	0.004422663950223	3	ensssct00000047868	stmn1-201	protein_coding	-2500
#633	12	4560000	4561000	0.004422663950223	0	-	-	-	-
#634	7	55429000	55430000	0.004422663950223	0	-	-	-	-
#635	16	44577000	44578000	0.004422663950223	2	ensssct00000041039	srek1-201	protein_coding	783
#636	12	3397000	3398000	0.0044887848352799	2	ensssct00000077615	cyth1-205	protein_coding	-3541
#637	3	68515000	68516000	0.0045415721366837	6	ensssct00000046897	htra2-201	protein_coding	3753
#638	5	4201000	4202000	0.0045427115972736	0	-	-	-	-
#639	3	5646000	5647000	0.0045602057768394	0	-	-	-	-
#640	17	27366000	27367000	0.0046021610699833	0	-	-	-	-
#641	8	35914000	35915000	0.0047336089368361	0	-	-	-	-
#642	6	42670000	42671000	0.0047336089368361	0	-	-	-	-
#643	4	12848000	12849000	0.0047336089368361	0	-	-	-	-
#644	7	80498000	80499000	0.0047336089368361	0	-	-	-	-
#645	16	57202000	57203000	0.0047336089368361	0	-	-	-	-
#646	10	57071000	57072000	0.0047419666409259	0	-	-	-	-
#647	6	64403000	64404000	0.0047804285663129	4	ensssct00000032507	pank4-201	protein_coding	3449
#648	17	57692000	57693000	0.0049301525322969	0	-	-	-	-
#649	AEMK02000452.1	3042000	3043000	0.0049506903353057	2	ensssct00000050885	-	protein_coding	5401
#650	3	16087000	16088000	0.0049506903353057	0	-	-	-	-
#651	AEMK02000602.1	39000	40000	0.0050015941335883	10	ensssct00000044470	snord116.9-201	snorna	0
#652	1	261259000	261260000	0.0050015941335883	2	ensssct00000065734	-	protein_coding	-2150
#653	9	4616000	4617000	0.0050015941335883	3	ensssct00000016060	-	protein_coding	0
#654	7	120176000	120177000	0.0050015941335883	1	ensssct00000071267	-	lncrna	9346
#655	6	84981000	84982000	0.0050015941335883	0	-	-	-	-
#656	18	1931000	1932000	0.0050015941335883	0	-	-	-	-
#657	7	24235000	24236000	0.0050165930516555	6	ensssct00000035656	gpsm3-202	protein_coding	-5015
#658	17	38950000	38951000	0.0050165930516555	1	ensssct00000060992	spag4-201	protein_coding	-2219
#659	6	20796000	20797000	0.0050165930516555	0	-	-	-	-
#660	14	85210000	85211000	0.0050165930516555	0	-	-	-	-
#661	2	80509000	80510000	0.0050165930516555	1	ensssct00000045845	prr7-201	protein_coding	-3570
#662	18	48722000	48723000	0.005040116117092	4	ensssct00000048252	dbnl-201	protein_coding	2624
#663	11	78987000	78988000	0.005040116117092	0	-	-	-	-
#664	12	19511000	19512000	0.005040116117092	0	-	-	-	-
#665	6	157593000	157594000	0.005040116117092	2	ensssct00000056536	pars2-202	protein_coding	-3958
#666	18	53076000	53077000	0.005040116117092	0	-	-	-	-
#667	12	52359000	52360000	0.0050438067679446	1	ensssct00000021525	-	snorna	1409
#668	13	198198000	198199000	0.0050438067679446	2	ensssct00000042623	rcan1-202	protein_coding	6542
#669	13	206312000	206313000	0.0050438067679446	0	-	-	-	-
#670	4	3101000	3102000	0.0050438067679446	0	-	-	-	-
#671	10	20074000	20075000	0.0050438067679446	0	-	-	-	-
#672	8	73285000	73286000	0.0050438067679446	0	-	-	-	-
#673	5	2029000	2030000	0.0050438067679446	0	-	-	-	-
#674	14	32976000	32977000	0.0050438067679446	0	-	-	-	-
#675	6	108395000	108396000	0.0050438067679446	0	-	-	-	-
#676	13	178668000	178669000	0.0050438067679446	0	-	-	-	-
#677	8	63921000	63922000	0.0050438067679446	0	-	-	-	-
#678	15	56825000	56826000	0.0050438067679446	1	ensssct00000079893	-	protein_coding	-8116
#679	2	105185000	105186000	0.0050438067679446	1	ensssct00000015489	chd1-201	protein_coding	-9332
#680	10	65531000	65532000	0.0050438067679446	1	ensssct00000066806	-	lncrna	-4438
#681	14	114137000	114138000	0.0050438067679446	0	-	-	-	-
#682	15	135400000	135401000	0.0050438067679446	0	-	-	-	-
#683	3	34581000	34582000	0.0050438067679446	0	-	-	-	-
#684	10	66957000	66958000	0.0050438067679446	0	-	-	-	-
#685	3	31847000	31848000	0.0050438067679446	0	-	-	-	-
#686	7	58827000	58828000	0.0050438067679446	2	ensssct00000002132	edc3-201	protein_coding	726
#687	5	8377000	8378000	0.0050438067679446	0	-	-	-	-
#688	13	166410000	166411000	0.0050438067679446	0	-	-	-	-
#689	6	89686000	89687000	0.0050438067679446	2	ensssct00000024539	phc2-202	protein_coding	-728
#690	13	137533000	137534000	0.0050438067679446	0	-	-	-	-
#691	6	50757000	50758000	0.0050438067679446	1	ensssct00000003413	-	pseudogene	8547
#692	13	10461000	10462000	0.0050438067679446	0	-	-	-	-
#693	3	76165000	76166000	0.0050438067679446	0	-	-	-	-
#694	4	42231000	42232000	0.0050438067679446	0	-	-	-	-
#695	1	169667000	169668000	0.0050438067679446	8	ensssct00000047607	-	pseudogene	-1658
#696	9	42254000	42255000	0.0050438067679446	0	-	-	-	-
#697	16	21254000	21255000	0.0050738683460925	0	-	-	-	-
#698	AEMK02000682.1	1036000	1037000	0.0051237269284255	14	ensssct00000036751	ptgds-201	protein_coding	1177
#699	12	59790000	59791000	0.0052905398399249	0	-	-	-	-
#700	5	8940000	8941000	0.0052945563359586	0	-	-	-	-
#701	8	53662000	53663000	0.005332383896399	1	ensssct00000074191	-	lncrna	-2153
#702	8	1322000	1323000	0.0053442702096778	3	ensssct00000051364	cfap99-201	protein_coding	-8846
#703	3	68513000	68514000	0.0053742592267537	6	ensssct00000046897	htra2-201	protein_coding	5753
#704	11	77775000	77776000	0.0053751269594586	0	-	-	-	-
#705	2	150546000	150547000	0.0053838493275112	2	ensssct00000015779	il17b-202	protein_coding	-419
#706	3	448000	449000	0.0053838493275112	0	-	-	-	-
#707	1	164424000	164425000	0.0053838493275112	2	ensssct00000082429	map2k1-202	protein_coding	-3739
#708	6	91888000	91889000	0.0053838493275112	1	ensssct00000059732	c1orf216-201	protein_coding	1492
#709	1	158449000	158450000	0.0053838493275112	1	ensssct00000079367	-	pseudogene	3855
#710	1	137865000	137866000	0.0053838493275112	1	ensssct00000038960	-	protein_coding	-9342
#711	3	125202000	125203000	0.0054114887415162	1	ensssct00000083893	-	lncrna	405
#712	11	74679000	74680000	0.0054114887415162	1	ensssct00000078036	-	lncrna	-266
#713	12	61275000	61276000	0.0054114887415162	0	-	-	-	-
#714	8	55873000	55874000	0.0054114887415162	3	ensssct00000063895	-	protein_coding	-856
#715	10	13444000	13445000	0.0054114887415162	1	ensssct00000087852	-	lncrna	-4229
#716	14	57266000	57267000	0.0054114887415162	0	-	-	-	-
#717	5	15800000	15801000	0.0054114887415162	0	-	-	-	-
#718	16	50902000	50903000	0.0054114887415162	0	-	-	-	-
#719	11	4787000	4788000	0.0054618129638301	1	ensssct00000072782	-	lncrna	-5289
#720	5	769000	770000	0.0054638072398312	4	ensssct00000036838	brd1-201	protein_coding	654
#721	12	57229000	57230000	0.0054826922296801	4	ensssct00000023879	elac2-201	protein_coding	8427
#722	4	3080000	3081000	0.0054826922296801	0	-	-	-	-
#723	14	92358000	92359000	0.0054826922296801	0	-	-	-	-
#724	1	12226000	12227000	0.0054826922296801	0	-	-	-	-
#725	2	88925000	88926000	0.0054826922296801	0	-	-	-	-
#726	14	130194000	130195000	0.0054826922296801	0	-	-	-	-
#727	3	69680000	69681000	0.0054826922296801	0	-	-	-	-
#728	4	83885000	83886000	0.0054826922296801	2	ensssct00000006921	styxl2-203	protein_coding	-1869
#729	13	39677000	39678000	0.0054826922296801	0	-	-	-	-
#730	17	11451000	11452000	0.0054826922296801	0	-	-	-	-
#731	3	54275000	54276000	0.0054826922296801	0	-	-	-	-
#732	13	74956000	74957000	0.0054826922296801	0	-	-	-	-
#733	4	121758000	121759000	0.0054826922296801	0	-	-	-	-
#734	13	31133000	31134000	0.0054826922296801	1	ensssct00000012423	plxnb1-201	protein_coding	6218
#735	1	18016000	18017000	0.0054826922296801	1	ensssct00000085079	-	lncrna	0
#736	3	3095000	3096000	0.0054826922296801	0	-	-	-	-
#737	1	146334000	146335000	0.0054826922296801	0	-	-	-	-
#738	8	69394000	69395000	0.0054826922296801	0	-	-	-	-
#739	X	121085000	121086000	0.0054826922296801	0	-	-	-	-
#740	18	19540000	19541000	0.0054826922296801	0	-	-	-	-
#741	15	14093000	14094000	0.0054826922296801	0	-	-	-	-
#742	9	8964000	8965000	0.0054826922296801	0	-	-	-	-
#743	6	154589000	154590000	0.0054826922296801	1	ensssct00000090976	-	lncrna	9128
#744	17	62798000	62799000	0.0054826922296801	8	ensssct00000040065	znf512b-204	protein_coding	-1617
#745	9	53053000	53054000	0.0054826922296801	0	-	-	-	-
#746	X	105765000	105766000	0.0054826922296801	0	-	-	-	-
#747	X	113547000	113548000	0.0054826922296801	0	-	-	-	-
#748	14	28042000	28043000	0.0055185288446543	0	-	-	-	-
#749	13	207184000	207185000	0.0055185288446543	0	-	-	-	-
#750	2	6763000	6764000	0.0055185288446543	7	ensssct00000078076	-	lncrna	-5283
#751	9	32775000	32776000	0.0055568786218941	3	ensssct00000016342	cfap300-204	protein_coding	-9117
#752	1	2495000	2496000	0.0055568786218941	0	-	-	-	-
#753	14	5885000	5886000	0.0055568786218941	0	-	-	-	-
#754	8	72181000	72182000	0.0056111699647516	0	-	-	-	-
#755	1	205737000	205738000	0.0056151788799603	0	-	-	-	-
#756	7	7005000	7006000	0.0056151788799603	0	-	-	-	-
#757	5	31107000	31108000	0.0056151788799603	0	-	-	-	-
#758	7	12434000	12435000	0.0056151788799603	1	ensssct00000083788	-	pseudogene	5471
#759	15	92981000	92982000	0.0056151788799603	3	ensssct00000056007	gulp1-204	protein_coding	6539
#760	1	165082000	165083000	0.0056151788799603	0	-	-	-	-
#761	AEMK02000682.1	147000	148000	0.0056151788799603	0	-	-	-	-
#762	10	10194000	10195000	0.0056151788799603	2	ensssct00000061361	-	protein_coding	-3120
#763	AEMK02000452.1	1442000	1443000	0.0056151788799603	0	-	-	-	-
#764	15	48936000	48937000	0.0056151788799603	1	ensssct00000080518	-	lncrna	2100
#765	9	90047000	90048000	0.0056151788799603	0	-	-	-	-
#766	7	48810000	48811000	0.0056151788799603	0	-	-	-	-
#767	3	128751000	128752000	0.0056151788799603	0	-	-	-	-
#768	1	165491000	165492000	0.0056151788799603	0	-	-	-	-
#769	2	39530000	39531000	0.0056151788799603	0	-	-	-	-
#770	6	106460000	106461000	0.0056151788799603	0	-	-	-	-
#771	3	61450000	61451000	0.0056151788799603	0	-	-	-	-
#772	17	44050000	44051000	0.0056151788799603	0	-	-	-	-
#773	12	6892000	6893000	0.0056151788799603	2	ensssct00000045754	rpl38-203	protein_coding	-2179
#774	3	46062000	46063000	0.0056151788799603	2	ensssct00000056529	-	protein_coding	390
#775	12	7127000	7128000	0.0056151788799603	0	-	-	-	-
#776	6	70220000	70221000	0.0056151788799603	0	-	-	-	-
#777	10	66336000	66337000	0.0056151788799603	0	-	-	-	-
#778	14	48742000	48743000	0.0056151788799603	1	ensssct00000010997	slc5a4-201	protein_coding	-560
#779	6	115322000	115323000	0.0056577068081371	0	-	-	-	-
#780	6	51341000	51342000	0.0056577068081371	0	-	-	-	-
#781	8	70916000	70917000	0.0056577068081371	0	-	-	-	-
#782	1	272414000	272415000	0.0056577068081371	0	-	-	-	-
#783	10	14606000	14607000	0.0056706367653783	6	ensssct00000054257	coq8a-206	protein_coding	-8697
#784	10	66214000	66215000	0.0056706367653783	0	-	-	-	-
#785	8	39065000	39066000	0.005686839235776	0	-	-	-	-
#786	3	126419000	126420000	0.0057288605615881	4	ensssct00000077120	-	lncrna	-7069
#787	6	6894000	6895000	0.0057288605615881	0	-	-	-	-
#788	6	53921000	53922000	0.0057288605615881	1	ensssct00000027392	sult2b1-201	protein_coding	6248
#789	13	46315000	46316000	0.0057288605615881	1	ensssct00000073942	-	lncrna	804
#790	15	124949000	124950000	0.0057288605615881	2	ensssct00000088113	-	lncrna	9572
#791	1	2514000	2515000	0.0057288605615881	0	-	-	-	-
#792	7	3103000	3104000	0.0057288605615881	0	-	-	-	-
#793	17	26293000	26294000	0.0057288605615881	0	-	-	-	-
#794	7	29370000	29371000	0.0058072613903879	0	-	-	-	-
#795	3	113558000	113559000	0.0058072613903879	1	ensssct00000077831	dnmt3a-204	protein_coding	-9520
#796	16	60378000	60379000	0.0058072613903879	3	ensssct00000079317	-	lncrna	-7288
#797	X	33664000	33665000	0.0058072613903879	0	-	-	-	-
#798	1	114969000	114970000	0.0058072613903879	1	ensssct00000083547	-	pseudogene	-1152
#799	14	27748000	27749000	0.0058072613903879	0	-	-	-	-
#800	8	51214000	51215000	0.0058072613903879	0	-	-	-	-
#801	15	138382000	138383000	0.0058072613903879	0	-	-	-	-
#802	12	48851000	48852000	0.0058072613903879	0	-	-	-	-
#803	10	5201000	5202000	0.0058072613903879	0	-	-	-	-
#804	6	50344000	50345000	0.0058072613903879	1	ensssct00000043846	-	protein_coding	-686
#805	11	24169000	24170000	0.0058072613903879	0	-	-	-	-
#806	4	112322000	112323000	0.0058072613903879	0	-	-	-	-
#807	11	930000	931000	0.0058204163858634	4	ensssct00000056644	cryl1-202	protein_coding	649
#808	5	87578000	87579000	0.005883098791611	5	ensssct00000064957	amdhd1-201	protein_coding	-8695
#809	14	139318000	139319000	0.0058975751970208	0	-	-	-	-
#810	14	138449000	138450000	0.0058975751970208	1	ensssct00000073455	-	lncrna	-5531
#811	16	37280000	37281000	0.0058975751970208	0	-	-	-	-
#812	7	57997000	57998000	0.0058975751970208	0	-	-	-	-
#813	3	18225000	18226000	0.0058975751970208	7	ensssct00000062827	c16orf92-201	protein_coding	-2008
#814	1	218471000	218472000	0.0058975751970208	0	-	-	-	-
#815	3	40174000	40175000	0.0058975751970208	7	ensssct00000008781	igfals-201	protein_coding	0
#816	7	25140000	25141000	0.0058975751970208	4	ensssct00000001634	sla-dma-201	protein_coding	-1652
#817	12	52017000	52018000	0.0058975751970208	2	ensssct00000045689	c17orf107-201	protein_coding	-2399
#818	2	902000	903000	0.0059012060190957	4	ensssct00000051324	brsk2-202	protein_coding	-5297
#819	7	116325000	116326000	0.0059012060190957	0	-	-	-	-
#820	17	53336000	53337000	0.0059118208223419	0	-	-	-	-
#821	6	1324000	1325000	0.0059526810737064	1	ensssct00000045623	u6.840-201	snrna	-3723
#822	12	61087000	61088000	0.0059555026687404	0	-	-	-	-
#823	14	140429000	140430000	0.0059805256703448	1	ensssct00000022188	u6.354-201	snrna	2596
#824	3	19379000	19380000	0.0059805256703448	0	-	-	-	-
#825	13	122656000	122657000	0.0059805256703448	1	ensssct00000083525	-	lncrna	4051
#826	18	51023000	51024000	0.006005416838136	1	ensssct00000054978	gck-205	protein_coding	-9827
#827	4	125258000	125259000	0.0060605602580229	0	-	-	-	-
#828	8	4467000	4468000	0.0060666888755129	0	-	-	-	-
#829	3	40404000	40405000	0.0061057595364059	8	ensssct00000042887	clcn7-207	protein_coding	0
#830	3	54434000	54435000	0.0061853021487335	0	-	-	-	-
#831	9	136581000	136582000	0.0061853021487335	3	ensssct00000017024	ddc-203	protein_coding	-9803
#832	12	4315000	4316000	0.0061931491964374	1	ensssct00000066597	septin9-204	protein_coding	7004
#833	15	138453000	138454000	0.0061931491964374	0	-	-	-	-
#834	13	140654000	140655000	0.0062145039443271	0	-	-	-	-
#835	2	40863000	40864000	0.0062145039443271	0	-	-	-	-
#836	3	65978000	65979000	0.0062145039443271	0	-	-	-	-
#837	9	29255000	29256000	0.0062704150536543	0	-	-	-	-
#838	13	29428000	29429000	0.0062704150536543	0	-	-	-	-
#839	14	100039000	100040000	0.0062704150536543	0	-	-	-	-
#840	15	60146000	60147000	0.0062704150536543	0	-	-	-	-
#841	3	35082000	35083000	0.0062704150536543	0	-	-	-	-
#842	14	134261000	134262000	0.0062704150536543	2	ensssct00000048339	zranb1-202	protein_coding	-7000
#843	1	82453000	82454000	0.0062704150536543	0	-	-	-	-
#844	14	64149000	64150000	0.0062704150536543	0	-	-	-	-
#845	14	58025000	58026000	0.0062704150536543	0	-	-	-	-
#846	5	91751000	91752000	0.0062704150536543	1	ensssct00000001000	lum-201	protein_coding	-2115
#847	11	15028000	15029000	0.0062704150536543	0	-	-	-	-
#848	2	93821000	93822000	0.0062704150536543	0	-	-	-	-
#849	7	10467000	10468000	0.0062704150536543	0	-	-	-	-
#850	13	207958000	207959000	0.0062704150536543	1	ensssct00000078682	col18a1-206	protein_coding	-7785
#851	18	54973000	54974000	0.0062704150536543	0	-	-	-	-
#852	1	51279000	51280000	0.0062704150536543	1	ensssct00000078652	-	protein_coding	-2112
#853	X	94780000	94781000	0.0062704150536543	0	-	-	-	-
#854	14	140938000	140939000	0.0062704150536543	0	-	-	-	-
#855	13	133875000	133876000	0.0062704150536543	2	ensssct00000012959	zdhhc19-201	protein_coding	0
#856	1	156705000	156706000	0.0062704150536543	0	-	-	-	-
#857	13	160292000	160293000	0.0062704150536543	0	-	-	-	-
#858	14	128033000	128034000	0.0062704150536543	0	-	-	-	-
#859	5	6021000	6022000	0.0062704150536543	0	-	-	-	-
#860	X	40289000	40290000	0.0062704150536543	0	-	-	-	-
#861	2	15018000	15019000	0.0062704150536543	2	ensssct00000076869	-	lncrna	765
#862	16	23961000	23962000	0.0062704150536543	0	-	-	-	-
#863	11	76253000	76254000	0.0062704150536543	0	-	-	-	-
#864	15	54900000	54901000	0.0062704150536543	2	ensssct00000017255	mboat4-201	protein_coding	1513
#865	1	55493000	55494000	0.0062704150536543	0	-	-	-	-
#866	4	110496000	110497000	0.0062704150536543	6	ensssct00000043867	ampd2-204	protein_coding	6884
#867	18	3087000	3088000	0.0062704150536543	0	-	-	-	-
#868	7	109792000	109793000	0.0062704150536543	0	-	-	-	-
#869	9	134280000	134281000	0.0062704150536543	0	-	-	-	-
#870	12	1502000	1503000	0.0062704150536543	0	-	-	-	-
#871	4	5654000	5655000	0.0062704150536543	0	-	-	-	-
#872	10	7557000	7558000	0.0062704150536543	0	-	-	-	-
#873	18	17428000	17429000	0.0062704150536543	0	-	-	-	-
#874	4	79746000	79747000	0.0062704150536543	0	-	-	-	-
#875	10	5890000	5891000	0.0062704150536543	0	-	-	-	-
#876	6	166142000	166143000	0.0062704150536543	2	ensssct00000066188	zswim5-201	protein_coding	-3943
#877	1	51611000	51612000	0.0063252063252063	0	-	-	-	-
#878	13	108462000	108463000	0.0063252063252063	0	-	-	-	-
#879	6	49496000	49497000	0.0063252063252063	2	ensssct00000077171	-	lncrna	0
#880	6	65269000	65270000	0.0063252063252063	1	ensssct00000036719	lrrc47-201	protein_coding	1729
#881	11	25539000	25540000	0.0063252063252063	0	-	-	-	-
#882	14	29812000	29813000	0.0063252063252063	0	-	-	-	-
#883	9	65931000	65932000	0.0063252063252063	2	ensssct00000068197	tmcc2-203	protein_coding	6523
#884	1	255432000	255433000	0.0063252063252063	0	-	-	-	-
#885	8	134504000	134505000	0.0063252063252063	0	-	-	-	-
#886	6	60849000	60850000	0.0063252063252063	1	ensssct00000040567	smim17-201	protein_coding	-5697
#887	18	54215000	54216000	0.0063252063252063	0	-	-	-	-
#888	13	30169000	30170000	0.0063252063252063	1	ensssct00000012411	-	protein_coding	3075
#889	6	95422000	95423000	0.0063784033750636	0	-	-	-	-
#890	17	59352000	59353000	0.0064041828327066	0	-	-	-	-
#891	12	4733000	4734000	0.0064100974304472	1	ensssct00000018694	mgat5b-201	protein_coding	-2629
#892	6	6683000	6684000	0.0064134923793292	0	-	-	-	-
#893	7	273000	274000	0.0064154525869938	0	-	-	-	-
#894	9	41623000	41624000	0.0064154525869938	1	ensssct00000070521	-	lncrna	7010
#895	9	336000	337000	0.0064154525869938	0	-	-	-	-
#896	6	170094000	170095000	0.0064509611226234	0	-	-	-	-
#897	11	2283000	2284000	0.0064877043345676	1	ensssct00000090208	-	lncrna	-2298
#898	13	68866000	68867000	0.0064961782531531	0	-	-	-	-
#899	1	8596000	8597000	0.0064961782531531	2	ensssct00000072201	tmem181-203	protein_coding	1508
#900	16	78929000	78930000	0.0064961782531531	0	-	-	-	-
#901	9	20711000	20712000	0.0064961782531531	7	ensssct00000081843	fzd4-201	protein_coding	9460
#902	6	12054000	12055000	0.0064961782531531	4	ensssct00000041141	kars1-201	protein_coding	1571
#903	7	2278000	2279000	0.0064961782531531	0	-	-	-	-
#904	AEMK02000328.1	360000	361000	0.0065656279151854	0	-	-	-	-
#905	6	164792000	164793000	0.0065898582943495	1	ensssct00000056354	snora73.3-201	snorna	-3093
#906	7	94656000	94657000	0.0065898582943495	0	-	-	-	-
#907	8	2610000	2611000	0.0065898582943495	1	ensssct00000088458	-	lncrna	5084
#908	11	79114000	79115000	0.0065898582943495	7	ensssct00000082607	upf3a-201	protein_coding	3600
#909	13	89806000	89807000	0.0066245416090617	0	-	-	-	-
#910	14	140755000	140756000	0.0066245416090617	0	-	-	-	-
#911	14	138634000	138635000	0.0066461420664317	0	-	-	-	-
#912	15	137154000	137155000	0.0066461420664317	0	-	-	-	-
#913	6	48944000	48945000	0.0066461420664317	8	ensssct00000003332	-	protein_coding	-1026
#914	8	86894000	86895000	0.0066737558846572	0	-	-	-	-
#915	11	17595000	17596000	0.0067067212263718	1	ensssct00000083714	-	lncrna	-3141
#916	1	147161000	147162000	0.0067067212263718	0	-	-	-	-
#917	13	96959000	96960000	0.0067864943924758	0	-	-	-	-
#918	15	135972000	135973000	0.0067864943924758	0	-	-	-	-
#919	10	10757000	10758000	0.0068107198740966	0	-	-	-	-
#920	14	41872000	41873000	0.0068107198740966	0	-	-	-	-
#921	AEMK02000452.1	360000	361000	0.0068583513118716	1	ensssct00000080783	-	lncrna	0
#922	14	139763000	139764000	0.0069092528168442	0	-	-	-	-
#923	7	3394000	3395000	0.0069092528168442	0	-	-	-	-
#924	17	61366000	61367000	0.0069457534208306	0	-	-	-	-
#925	12	46931000	46932000	0.0069502132137121	0	-	-	-	-
#926	17	25899000	25900000	0.0069502132137121	0	-	-	-	-
#927	X	10234000	10235000	0.0069746756447462	1	ensssct00000013260	egfl6-201	protein_coding	5855
#928	15	121556000	121557000	0.0069967854050271	2	ensssct00000025317	tmem198-201	protein_coding	-2307
#929	11	70083000	70084000	0.0070340659769357	0	-	-	-	-
#930	15	75038000	75039000	0.007038575459628	0	-	-	-	-
#931	AEMK02000452.1	799000	800000	0.007038575459628	1	ensssct00000069954	-	lncrna	8679
#932	3	19525000	19526000	0.0070933496112989	0	-	-	-	-
#933	12	44439000	44440000	0.0070933496112989	0	-	-	-	-
#934	8	138676000	138677000	0.0070933496112989	0	-	-	-	-
#935	6	95462000	95463000	0.0072486092830768	1	ensssct00000041089	heyl-201	protein_coding	-2425
#936	12	46646000	46647000	0.0072486092830768	2	ensssct00000019375	bhlha9-201	protein_coding	-2781
#937	13	117669000	117670000	0.0072494464234138	0	-	-	-	-
#938	2	223000	224000	0.0072494464234138	5	ensssct00000025225	sigirr-201	protein_coding	6741
#939	11	12336000	12337000	0.0072494464234138	2	ensssct00000010250	spart-202	protein_coding	8904
#940	18	16242000	16243000	0.0072494464234138	0	-	-	-	-
#941	13	69010000	69011000	0.0072734157666859	0	-	-	-	-
#942	X	23998000	23999000	0.0072734157666859	0	-	-	-	-
#943	16	51347000	51348000	0.0072734157666859	1	ensssct00000084624	ergic1-202	protein_coding	1731
#944	10	61165000	61166000	0.0072734157666859	0	-	-	-	-
#945	13	23027000	23028000	0.0073749779632132	6	ensssct00000012320	oxsr1-204	protein_coding	-6409
#946	4	128731000	128732000	0.0073749779632132	0	-	-	-	-
#947	7	24877000	24878000	0.0073749779632132	2	ensssct00000044030	-	protein_coding	-4622
#948	14	64262000	64263000	0.0073749779632132	0	-	-	-	-
#949	2	147654000	147655000	0.0073749779632132	0	-	-	-	-
#950	11	24147000	24148000	0.0073749779632132	0	-	-	-	-
#951	15	79528000	79529000	0.0073749779632132	0	-	-	-	-
#952	11	23896000	23897000	0.0073749779632132	0	-	-	-	-
#953	17	32034000	32035000	0.0073922081455028	3	ensssct00000071032	-	protein_coding	5863
#954	12	19966000	19967000	0.0073922081455028	3	ensssct00000042811	g6pc1-201	protein_coding	8857
#955	4	10244000	10245000	0.0074583109983896	0	-	-	-	-
#956	6	47037000	47038000	0.0074927727501256	1	ensssct00000081460	-	pseudogene	-638
#957	12	3905000	3906000	0.0074927727501256	1	ensssct00000068072	-	pseudogene	-141
#958	14	27772000	27773000	0.0074927727501256	0	-	-	-	-
#959	9	134212000	134213000	0.0074927727501256	0	-	-	-	-
#960	2	39466000	39467000	0.0074927727501256	0	-	-	-	-
#961	17	37346000	37347000	0.0075129713138762	0	-	-	-	-
#962	6	92396000	92397000	0.0075129713138762	1	ensssct00000054443	thrap3-203	protein_coding	-5151
#963	11	78569000	78570000	0.0075158942769908	0	-	-	-	-
#964	3	95491000	95492000	0.0075158942769908	0	-	-	-	-
#965	4	12391000	12392000	0.0075158942769908	3	ensssct00000089841	-	lncrna	-205
#966	4	18250000	18251000	0.0075810238884002	0	-	-	-	-
#967	11	25438000	25439000	0.0075994692296879	0	-	-	-	-
#968	2	137095000	137096000	0.0075994692296879	0	-	-	-	-
#969	9	70517000	70518000	0.0075994692296879	0	-	-	-	-
#970	9	59850000	59851000	0.0075994692296879	0	-	-	-	-
#971	9	58245000	58246000	0.0075994692296879	0	-	-	-	-
#972	9	40399000	40400000	0.0075994692296879	0	-	-	-	-
#973	X	59234000	59235000	0.0075994692296879	0	-	-	-	-
#974	X	96730000	96731000	0.0075994692296879	0	-	-	-	-
#975	8	55347000	55348000	0.0075994692296879	0	-	-	-	-
#976	8	40975000	40976000	0.0075994692296879	2	ensssct00000070513	pdgfra-202	protein_coding	2396
#977	6	95138000	95139000	0.0075994692296879	0	-	-	-	-
#978	X	117861000	117862000	0.0075994692296879	0	-	-	-	-
#979	1	74841000	74842000	0.0075994692296879	0	-	-	-	-
#980	7	69934000	69935000	0.0075994692296879	0	-	-	-	-
#981	7	28269000	28270000	0.0075994692296879	0	-	-	-	-
#982	1	7990000	7991000	0.0075994692296879	0	-	-	-	-
#983	1	7568000	7569000	0.0075994692296879	0	-	-	-	-
#984	7	1265000	1266000	0.0075994692296879	0	-	-	-	-
#985	7	1915000	1916000	0.0075994692296879	2	ensssct00000040472	tubb2b-203	protein_coding	-239
#986	1	211509000	211510000	0.0075994692296879	0	-	-	-	-
#987	3	32330000	32331000	0.0075994692296879	3	ensssct00000031683	nubp1-201	protein_coding	769
#988	1	238363000	238364000	0.0075994692296879	1	ensssct00000063583	frmpd1-201	protein_coding	7336
#989	1	268109000	268110000	0.0075994692296879	3	ensssct00000006177	stxbp1-201	protein_coding	6118
#990	15	136759000	136760000	0.0075994692296879	1	ensssct00000052393	-	protein_coding	-9286
#991	2	103366000	103367000	0.0075994692296879	0	-	-	-	-
#992	13	205515000	205516000	0.0075994692296879	0	-	-	-	-
#993	3	70742000	70743000	0.0075994692296879	0	-	-	-	-
#994	3	71418000	71419000	0.0075994692296879	4	ensssct00000047685	znf638-205	protein_coding	5229
#995	16	24758000	24759000	0.0075994692296879	0	-	-	-	-
#996	2	77228000	77229000	0.0075994692296879	3	ensssct00000087322	atp5f1d-202	protein_coding	-5251
#997	13	73316000	73317000	0.0075994692296879	0	-	-	-	-
#998	15	67374000	67375000	0.0075994692296879	0	-	-	-	-
#999	16	73171000	73172000	0.0075994692296879	0	-	-	-	-
#1000	2	44877000	44878000	0.0075994692296879	0	-	-	-	-
#1001	2	39411000	39412000	0.0075994692296879	0	-	-	-	-
#1002	4	111001000	111002000	0.0075994692296879	3	ensssct00000075937	wdr47-201	protein_coding	4968
#1003	4	128624000	128625000	0.0075994692296879	0	-	-	-	-
#1004	5	8174000	8175000	0.0075994692296879	1	ensssct00000000084	tnrc6b-203	protein_coding	663
#1005	5	48043000	48044000	0.0075994692296879	0	-	-	-	-
#1006	1	255222000	255223000	0.0075994692296879	0	-	-	-	-
#1007	16	50829000	50830000	0.0076414414937376	0	-	-	-	-
#1008	16	47688000	47689000	0.0076619810672621	0	-	-	-	-
#1009	AEMK02000397.1	18000	19000	0.0076619810672621	0	-	-	-	-
#1010	4	1479000	1480000	0.0076619810672621	2	ensssct00000058307	psca-201	protein_coding	2354
#1011	10	69067000	69068000	0.0076711725891582	0	-	-	-	-
#1012	3	18430000	18431000	0.0076711725891582	8	ensssct00000055611	-	protein_coding	2517
#1013	10	11678000	11679000	0.0076711725891582	0	-	-	-	-
#1014	12	55369000	55370000	0.0078271783957402	3	ensssct00000019601	myh3-201	protein_coding	1900
#1015	1	196230000	196231000	0.0078327352161023	1	ensssct00000005652	plaa-206	protein_coding	-475
#1016	3	11299000	11300000	0.0078524820620332	0	-	-	-	-
#1017	14	59976000	59977000	0.0079525652341186	0	-	-	-	-
#1018	13	138243000	138244000	0.0079525652341186	2	ensssct00000044588	-	protein_coding	-2035
#1019	11	14218000	14219000	0.0079525652341186	0	-	-	-	-
#1020	9	8505000	8506000	0.0079525652341186	5	ensssct00000090094	u1.54-201	snrna	-4436
#1021	1	50619000	50620000	0.0079525652341186	1	ensssct00000070077	-	protein_coding	5250
#1022	17	9990000	9991000	0.0079525652341186	0	-	-	-	-
#1023	6	158625000	158626000	0.0079525652341186	0	-	-	-	-
#1024	4	108419000	108420000	0.0079525652341186	0	-	-	-	-
#1025	12	5858000	5859000	0.0079525652341186	2	ensssct00000052806	caskin2-201	protein_coding	-2032
#1026	16	41495000	41496000	0.0079525652341186	0	-	-	-	-
#1027	18	21250000	21251000	0.0079525652341186	0	-	-	-	-
#1028	4	96034000	96035000	0.0079525652341186	3	ensssct00000036447	-	lncrna	969
#1029	1	77729000	77730000	0.0079525652341186	0	-	-	-	-
#1030	1	165942000	165943000	0.0079525652341186	0	-	-	-	-
#1031	7	1420000	1421000	0.0079936838995339	0	-	-	-	-
#1032	1	166600000	166601000	0.008031935744514	0	-	-	-	-
#1033	6	68920000	68921000	0.00803213142453	0	-	-	-	-
#1034	X	111893000	111894000	0.0080503061201369	0	-	-	-	-
#1035	15	136650000	136651000	0.0080603104118152	0	-	-	-	-
#1036	12	13194000	13195000	0.0080890951447013	0	-	-	-	-
#1037	2	25510000	25511000	0.0080890951447013	2	ensssct00000063373	pamr1-202	protein_coding	3193
#1038	1	109619000	109620000	0.0080890951447013	1	ensssct00000079320	-	protein_coding	-1194
#1039	4	21006000	21007000	0.0080890951447013	0	-	-	-	-
#1040	8	120795000	120796000	0.0080890951447013	2	ensssct00000085668	-	lncrna	497
#1041	6	85377000	85378000	0.0080890951447013	2	ensssct00000068493	-	lncrna	1004
#1042	8	77429000	77430000	0.0080890951447013	0	-	-	-	-
#1043	2	47358000	47359000	0.0080890951447013	2	ensssct00000078524	-	lncrna	507
#1044	6	91097000	91098000	0.0080890951447013	1	ensssct00000075137	-	lncrna	-2647
#1045	2	69172000	69173000	0.0080890951447013	0	-	-	-	-
#1046	16	79345000	79346000	0.0080890951447013	1	ensssct00000036968	slc12a7-201	protein_coding	-9676
#1047	AEMK02000662.1	49000	50000	0.0080890951447013	0	-	-	-	-
#1048	2	70816000	70817000	0.0080890951447013	1	ensssct00000062896	pram1-204	protein_coding	-8788
#1049	1	136613000	136614000	0.0080890951447013	2	ensssct00000050519	grem1-201	protein_coding	3069
#1050	6	36357000	36358000	0.0080890951447013	2	ensssct00000049845	siah1-203	protein_coding	2680
#1051	1	239821000	239822000	0.0080890951447013	0	-	-	-	-
#1052	10	10437000	10438000	0.0080890951447013	0	-	-	-	-
#1053	10	8760000	8761000	0.0080890951447013	1	ensssct00000070347	-	lncrna	8107
#1054	9	135403000	135404000	0.0080890951447013	0	-	-	-	-
#1055	1	181086000	181087000	0.0080890951447013	0	-	-	-	-
#1056	6	47445000	47446000	0.0080890951447013	1	ensssct00000076250	-	lncrna	-6078
#1057	9	81748000	81749000	0.0080890951447013	0	-	-	-	-
#1058	5	54512000	54513000	0.0080890951447013	0	-	-	-	-
#1059	9	39764000	39765000	0.0080890951447013	0	-	-	-	-
#1060	6	55994000	55995000	0.0080890951447013	4	ensssct00000089983	cnot3-201	protein_coding	-2713
#1061	18	55142000	55143000	0.0080890951447013	1	ensssct00000038955	pou6f2-201	protein_coding	-2772
#1062	5	9135000	9136000	0.0080890951447013	0	-	-	-	-
#1063	1	219656000	219657000	0.0080890951447013	3	ensssct00000051022	smarca2-202	protein_coding	5744
#1064	11	74230000	74231000	0.0080890951447013	1	ensssct00000051178	efnb2-201	protein_coding	2354
#1065	8	138217000	138218000	0.0080890951447013	0	-	-	-	-
#1066	8	134654000	134655000	0.0080890951447013	0	-	-	-	-
#1067	8	131648000	131649000	0.0080890951447013	0	-	-	-	-
#1068	5	6007000	6008000	0.0080890951447013	0	-	-	-	-
#1069	10	14643000	14644000	0.0080890951447013	0	-	-	-	-
#1070	8	66702000	66703000	0.0080890951447013	0	-	-	-	-
#1071	14	46199000	46200000	0.0080890951447013	0	-	-	-	-
#1072	X	125312000	125313000	0.0080890951447013	0	-	-	-	-
#1073	1	57542000	57543000	0.0080890951447013	0	-	-	-	-
#1074	2	134186000	134187000	0.0080890951447013	0	-	-	-	-
#1075	14	77517000	77518000	0.0080890951447013	0	-	-	-	-
#1076	1	20495000	20496000	0.0080890951447013	0	-	-	-	-
#1077	3	22019000	22020000	0.0080890951447013	0	-	-	-	-
#1078	7	44136000	44137000	0.0080890951447013	0	-	-	-	-
#1079	14	136671000	136672000	0.0080890951447013	0	-	-	-	-
#1080	3	16726000	16727000	0.0080890951447013	0	-	-	-	-
#1081	15	92288000	92289000	0.0080890951447013	2	ensssct00000050045	u5.10-201	snrna	6080
#1082	AEMK02000682.1	464000	465000	0.0080890951447013	0	-	-	-	-
#1083	3	697000	698000	0.0080890951447013	1	ensssct00000008284	-	protein_coding	3757
#1084	6	169882000	169883000	0.0080890951447013	2	ensssct00000062826	-	lncrna	1460
#1085	7	20963000	20964000	0.0080890951447013	2	ensssct00000068859	btn2a2-202	protein_coding	-8776
#1086	6	132302000	132303000	0.0080890951447013	0	-	-	-	-
#1087	6	111239000	111240000	0.0080890951447013	1	ensssct00000087815	-	lncrna	-3890
#1088	1	74743000	74744000	0.0080890951447013	0	-	-	-	-
#1089	8	1536000	1537000	0.0080890951447013	0	-	-	-	-
#1090	13	99884000	99885000	0.0080890951447013	0	-	-	-	-
#1091	3	96516000	96517000	0.0080890951447013	0	-	-	-	-
#1092	13	73344000	73345000	0.0080890951447013	1	ensssct00000012723	-	protein_coding	-715
#1093	6	98389000	98390000	0.0080890951447013	3	ensssct00000082358	rab31-201	protein_coding	-3205
#1094	16	45052000	45053000	0.0080890951447013	0	-	-	-	-
#1095	13	78672000	78673000	0.0080890951447013	0	-	-	-	-
#1096	13	207369000	207370000	0.0080890951447013	2	ensssct00000066045	-	protein_coding	-1172
#1097	3	130805000	130806000	0.0080890951447013	0	-	-	-	-
#1098	8	75617000	75618000	0.0081079431437341	0	-	-	-	-
#1099	17	60883000	60884000	0.0081079431437341	1	ensssct00000075721	-	lncrna	5917
#1100	3	122321000	122322000	0.0081772489255022	0	-	-	-	-
#1101	4	112132000	112133000	0.0081875090460418	0	-	-	-	-
#1102	3	37669000	37670000	0.0082251414687931	3	ensssct00000053580	anks3-204	protein_coding	-3378
#1103	9	803000	804000	0.0083307919683527	0	-	-	-	-
#1104	18	46541000	46542000	0.0083307919683527	0	-	-	-	-
#1105	4	3665000	3666000	0.0083307919683527	0	-	-	-	-
#1106	6	163342000	163343000	0.0083359798408774	0	-	-	-	-
#1107	8	36850000	36851000	0.0083359798408774	0	-	-	-	-
#1108	1	189874000	189875000	0.0083359798408774	0	-	-	-	-
#1109	18	42337000	42338000	0.0083359798408774	0	-	-	-	-
#1110	3	297000	298000	0.0083359798408774	4	ensssct00000076258	-	lncrna	0
#1111	3	10564000	10565000	0.0083359798408774	0	-	-	-	-
#1112	7	1268000	1269000	0.0083359798408774	0	-	-	-	-
#1113	10	56224000	56225000	0.0083359798408774	1	ensssct00000089200	-	lncrna	-374
#1114	2	82898000	82899000	0.0083359798408774	0	-	-	-	-
#1115	16	24897000	24898000	0.0083359798408774	0	-	-	-	-
#1116	14	50191000	50192000	0.0083359798408774	1	ensssct00000060428	ypel1-201	protein_coding	-358
#1117	8	135568000	135569000	0.0083359798408774	1	ensssct00000040577	ssc-mir-9846.1-201	mirna	7210
#1118	7	109727000	109728000	0.0083359798408774	0	-	-	-	-
#1119	2	77264000	77265000	0.0083359798408774	0	-	-	-	-
#1120	2	72664000	72665000	0.0083359798408774	6	ensssct00000055256	khsrp-206	protein_coding	-7049
#1121	11	77450000	77451000	0.0083359798408774	4	ensssct00000025220	-	protein_coding	2857
#1122	4	10617000	10618000	0.0083359798408774	0	-	-	-	-
#1123	3	38591000	38592000	0.0083359798408774	0	-	-	-	-
#1124	15	138404000	138405000	0.0086279371030078	0	-	-	-	-
#1125	10	47062000	47063000	0.0086279371030078	0	-	-	-	-
#1126	6	76921000	76922000	0.0086279371030078	0	-	-	-	-
#1127	8	1286000	1287000	0.0086343309253525	0	-	-	-	-
#1128	AEMK02000452.1	1787000	1788000	0.0086343309253525	1	ensssct00000064958	exoc3l4-201	protein_coding	0
#1129	6	61161000	61162000	0.0086343309253525	1	ensssct00000042162	-	protein_coding	2969
#1130	7	76782000	76783000	0.0086343309253525	0	-	-	-	-
#1131	7	42757000	42758000	0.0086343309253525	0	-	-	-	-
#1132	AEMK02000452.1	2895000	2896000	0.0086343309253525	1	ensssct00000062351	c14orf180-201	protein_coding	-2713
#1133	13	32398000	32399000	0.0086343309253525	3	ensssct00000046431	camkv-203	protein_coding	-1209
#1134	17	59162000	59163000	0.0086343309253525	1	ensssct00000008250	tubb1-201	protein_coding	-580
#1135	11	1452000	1453000	0.0086343309253525	1	ensssct00000081202	-	pseudogene	-5925
#1136	10	68552000	68553000	0.0086343309253525	0	-	-	-	-
#1137	3	125923000	125924000	0.0086343309253525	0	-	-	-	-
#1138	14	33848000	33849000	0.0086343309253525	0	-	-	-	-
#1139	11	71158000	71159000	0.0086343309253525	0	-	-	-	-
#1140	10	41157000	41158000	0.0086343309253525	0	-	-	-	-
#1141	8	134387000	134388000	0.0086868730816694	0	-	-	-	-
#1142	6	43326000	43327000	0.0086868730816694	0	-	-	-	-
#1143	11	78152000	78153000	0.0086868730816694	0	-	-	-	-
#1144	3	829000	830000	0.0086868730816694	0	-	-	-	-
#1145	2	27357000	27358000	0.0086900465365498	2	ensssct00000076255	kiaa1549l-201	protein_coding	8551
#1146	9	40423000	40424000	0.0086963031692352	0	-	-	-	-
#1147	14	48086000	48087000	0.0087060611706332	3	ensssct00000049659	patz1-203	protein_coding	6166
#1148	3	32107000	32108000	0.0087104404361302	0	-	-	-	-
#1149	14	129216000	129217000	0.0087169920569269	0	-	-	-	-
#1150	17	58208000	58209000	0.0087284947630911	0	-	-	-	-
#1151	3	125180000	125181000	0.0087767268112185	1	ensssct00000022725	greb1-201	protein_coding	-8889
#1152	12	56581000	56582000	0.0088332912023572	0	-	-	-	-
#1153	12	5737000	5738000	0.008840252819891	6	ensssct00000043964	recql5-202	protein_coding	-4652
#1154	14	123984000	123985000	0.008840252819891	0	-	-	-	-
#1155	14	130217000	130218000	0.0089457729927956	0	-	-	-	-
#1156	14	72447000	72448000	0.0089542341192663	0	-	-	-	-
#1157	7	1180000	1181000	0.0089542341192663	0	-	-	-	-
#1158	14	49746000	49747000	0.0089542341192663	0	-	-	-	-
#1159	X	43798000	43799000	0.0089542341192663	0	-	-	-	-
#1160	17	58255000	58256000	0.0090398871514751	0	-	-	-	-
#1161	18	44120000	44121000	0.0090398871514751	0	-	-	-	-
#1162	15	17103000	17104000	0.0090398871514751	1	ensssct00000073000	-	protein_coding	-9768
#1163	7	116591000	116592000	0.0090398871514751	2	ensssct00000002772	clmn-201	protein_coding	-735
#1164	1	145542000	145543000	0.0090398871514751	0	-	-	-	-
#1165	3	5436000	5437000	0.0090398871514751	1	ensssct00000053814	tecpr1-201	protein_coding	5943
#1166	AEMK02000452.1	2499000	2500000	0.0090438690002831	2	ensssct00000052199	aspg-201	protein_coding	2401
#1167	X	37372000	37373000	0.0090841507929077	0	-	-	-	-
#1168	8	32762000	32763000	0.0090936802015143	0	-	-	-	-
#1169	3	112606000	112607000	0.0090936802015143	0	-	-	-	-
#1170	3	30041000	30042000	0.0090936802015143	0	-	-	-	-
#1171	2	79948000	79949000	0.0090936802015143	0	-	-	-	-
#1172	7	121215000	121216000	0.0090936802015143	0	-	-	-	-
#1173	3	51738000	51739000	0.0090936802015143	0	-	-	-	-
#1174	7	59144000	59145000	0.0090936802015143	0	-	-	-	-
#1175	9	138339000	138340000	0.0090936802015143	0	-	-	-	-
#1176	3	2501000	2502000	0.0090936802015143	2	ensssct00000076780	-	lncrna	1320
#1177	10	63076000	63077000	0.0090936802015143	0	-	-	-	-
#1178	4	124625000	124626000	0.0090936802015143	3	ensssct00000007558	gfi1-201	protein_coding	-3742
#1179	7	114188000	114189000	0.0090936802015143	1	ensssct00000002723	lgmn-203	protein_coding	1045
#1180	6	145356000	145357000	0.0090936802015143	1	ensssct00000083963	il23r-202	protein_coding	8354
#1181	6	147344000	147345000	0.0090936802015143	3	ensssct00000076945	-	lncrna	-21
#1182	14	71809000	71810000	0.0090936802015143	0	-	-	-	-
#1183	7	111057000	111058000	0.0090936802015143	0	-	-	-	-
#1184	AEMK02000494.1	26000	27000	0.0090936802015143	0	-	-	-	-
#1185	6	148347000	148348000	0.0090936802015143	0	-	-	-	-
#1186	15	135637000	135638000	0.0090936802015143	0	-	-	-	-
#1187	14	78424000	78425000	0.0090936802015143	0	-	-	-	-
#1188	7	4438000	4439000	0.0090936802015143	0	-	-	-	-
#1189	4	586000	587000	0.0090936802015143	6	ensssct00000042828	hgh1-201	protein_coding	-965
#1190	10	64560000	64561000	0.0090936802015143	0	-	-	-	-
#1191	X	39904000	39905000	0.0090936802015143	0	-	-	-	-
#1192	15	88360000	88361000	0.0090936802015143	0	-	-	-	-
#1193	14	140534000	140535000	0.0090936802015143	0	-	-	-	-
#1194	8	133796000	133797000	0.0090936802015143	0	-	-	-	-
#1195	12	4314000	4315000	0.0090936802015143	1	ensssct00000066597	septin9-204	protein_coding	8004
#1196	17	53091000	53092000	0.0090936802015143	1	ensssct00000082947	atp9a-201	protein_coding	0
#1197	6	49639000	49640000	0.0090936802015143	1	ensssct00000046860	prr19-201	protein_coding	-3169
#1198	18	48894000	48895000	0.0090936802015143	0	-	-	-	-
#1199	1	130143000	130144000	0.0090936802015143	0	-	-	-	-
#1200	12	55818000	55819000	0.0090936802015143	0	-	-	-	-
#1201	12	52070000	52071000	0.0090936802015143	6	ensssct00000060009	mink1-202	protein_coding	-3139
#1202	10	15920000	15921000	0.0090936802015143	0	-	-	-	-
#1203	6	49158000	49159000	0.0090936802015143	1	ensssct00000077096	cyp2b22-208	protein_coding	-6187
#1204	8	138603000	138604000	0.0091643976460893	1	ensssct00000073648	-	lncrna	-1315
#1205	17	14959000	14960000	0.0092885893172698	1	ensssct00000074144	-	pseudogene	3660
#1206	5	15419000	15420000	0.0093081161262979	0	-	-	-	-
#1207	1	114625000	114626000	0.0093081161262979	0	-	-	-	-
#1208	3	68160000	68161000	0.0093081161262979	0	-	-	-	-
#1209	6	57374000	57375000	0.0093081161262979	1	ensssct00000067590	-	protein_coding	-2173
#1210	14	57437000	57438000	0.0093081161262979	0	-	-	-	-
#1211	9	123873000	123874000	0.0093631212393639	0	-	-	-	-
#1212	10	66128000	66129000	0.0093631212393639	0	-	-	-	-
#1213	2	222000	223000	0.0093631212393639	5	ensssct00000088981	pkp3-204	protein_coding	-6298
#1214	6	166529000	166530000	0.0093704829893066	5	ensssct00000054066	dynlt4-201	protein_coding	-1650
#1215	6	169948000	169949000	0.0093704829893066	0	-	-	-	-
#1216	X	12035000	12036000	0.0093727934387051	2	ensssct00000034866	pir-201	protein_coding	-1254
#1217	10	20881000	20882000	0.0094138633665671	0	-	-	-	-
#1218	1	271029000	271030000	0.0095518638480995	0	-	-	-	-
#1219	8	1920000	1921000	0.0095518638480995	0	-	-	-	-
#1220	6	43696000	43697000	0.0095518638480995	0	-	-	-	-
#1221	6	3980000	3981000	0.0095518638480995	1	ensssct00000075709	-	lncrna	-9681
#1222	5	6652000	6653000	0.0095518638480995	7	ensssct00000087040	septin3-205	protein_coding	901
#1223	12	3620000	3621000	0.0095578047300469	2	ensssct00000076171	pgs1-202	protein_coding	-1335
#1224	3	4066000	4067000	0.0095866978398494	0	-	-	-	-
#1225	4	104997000	104998000	0.0096115001024333	0	-	-	-	-
#1226	7	116890000	116891000	0.0096151939587608	0	-	-	-	-
#1227	12	27982000	27983000	0.0096265256025462	0	-	-	-	-
#1228	14	138912000	138913000	0.0097215131296008	0	-	-	-	-
#1229	8	103086000	103087000	0.0097215131296008	0	-	-	-	-
#1230	12	37269000	37270000	0.0097215131296008	0	-	-	-	-
#1231	7	2541000	2542000	0.0097215131296008	0	-	-	-	-
#1232	10	29754000	29755000	0.0097276390620043	0	-	-	-	-
#1233	6	4404000	4405000	0.0097915906865446	2	ensssct00000070744	wfdc1-201	protein_coding	-4763
#1234	9	139453000	139454000	0.0098055403481011	0	-	-	-	-
#1235	6	152852000	152853000	0.0098770084372971	0	-	-	-	-
#1236	17	46987000	46988000	0.0098770084372971	0	-	-	-	-
